PRD_DE,C2,C2_NM,C3_NM,C4_NM,DT
2024,11,서울특별시,남자,55 - 59세,345771
2025,11,서울특별시,남자,55 - 59세,348964
2026,11,서울특별시,남자,55 - 59세,357041
2027,11,서울특별시,남자,55 - 59세,364157
2028,11,서울특별시,남자,55 - 59세,366752
2029,11,서울특별시,남자,55 - 59세,359771
2030,11,서울특별시,남자,55 - 59세,349576
2031,11,서울특별시,남자,55 - 59세,332662
2032,11,서울특별시,남자,55 - 59세,318724
2033,11,서울특별시,남자,55 - 59세,306638
2034,11,서울특별시,남자,55 - 59세,298299
2024,11,서울특별시,남자,60 - 64세,339281
2025,11,서울특별시,남자,60 - 64세,332181
2026,11,서울특별시,남자,60 - 64세,322539
2027,11,서울특별시,남자,60 - 64세,319490
2028,11,서울특별시,남자,60 - 64세,311802
2029,11,서울특별시,남자,60 - 64세,321448
2030,11,서울특별시,남자,60 - 64세,325192
2031,11,서울특별시,남자,60 - 64세,333416
2032,11,서울특별시,남자,60 - 64세,340530
2033,11,서울특별시,남자,60 - 64세,343504
2034,11,서울특별시,남자,60 - 64세,337613
2024,11,서울특별시,남자,65 - 69세,292142
2025,11,서울특별시,남자,65 - 69세,299199
2026,11,서울특별시,남자,65 - 69세,310609
2027,11,서울특별시,남자,65 - 69세,312118
2028,11,서울특별시,남자,65 - 69세,317147
2029,11,서울특별시,남자,65 - 69세,311825
2030,11,서울특별시,남자,65 - 69세,306606
2031,11,서울특별시,남자,65 - 69세,298731
2032,11,서울특별시,남자,65 - 69세,297011
2033,11,서울특별시,남자,65 - 69세,290779
2034,11,서울특별시,남자,65 - 69세,300995
2024,11,서울특별시,남자,70 - 74세,195920
2025,11,서울특별시,남자,70 - 74세,210390
2026,11,서울특별시,남자,70 - 74세,226226
2027,11,서울특별시,남자,70 - 74세,236883
2028,11,서울특별시,남자,70 - 74세,250035
2029,11,서울특별시,남자,70 - 74세,263777
2030,11,서울특별시,남자,70 - 74세,271965
2031,11,서울특별시,남자,70 - 74세,284367
2032,11,서울특별시,남자,70 - 74세,287270
2033,11,서울특별시,남자,70 - 74세,293445
2034,11,서울특별시,남자,70 - 74세,289553
2024,11,서울특별시,남자,75 - 79세,143890
2025,11,서울특별시,남자,75 - 79세,150907
2026,11,서울특별시,남자,75 - 79세,155900
2027,11,서울특별시,남자,75 - 79세,159489
2028,11,서울특별시,남자,75 - 79세,164409
2029,11,서울특별시,남자,75 - 79세,170470
2030,11,서울특별시,남자,75 - 79세,184511
2031,11,서울특별시,남자,75 - 79세,199429
2032,11,서울특별시,남자,75 - 79세,209945
2033,11,서울특별시,남자,75 - 79세,222879
2034,11,서울특별시,남자,75 - 79세,236339
2024,11,서울특별시,남자,80 - 84세,96735
2025,11,서울특별시,남자,80 - 84세,99760
2026,11,서울특별시,남자,80 - 84세,98966
2027,11,서울특별시,남자,80 - 84세,103321
2028,11,서울특별시,남자,80 - 84세,107527
2029,11,서울특별시,남자,80 - 84세,113332
2030,11,서울특별시,남자,80 - 84세,119556
2031,11,서울특별시,남자,80 - 84세,123652
2032,11,서울특별시,남자,80 - 84세,127521
2033,11,서울특별시,남자,80 - 84세,132496
2034,11,서울특별시,남자,80 - 84세,138239
2024,11,서울특별시,남자,85 - 89세,41196
2025,11,서울특별시,남자,85 - 89세,45158
2026,11,서울특별시,남자,85 - 89세,49322
2027,11,서울특별시,남자,85 - 89세,55799
2028,11,서울특별시,남자,85 - 89세,61103
2029,11,서울특별시,남자,85 - 89세,62741
2030,11,서울특별시,남자,85 - 89세,64875
2031,11,서울특별시,남자,85 - 89세,64378
2032,11,서울특별시,남자,85 - 89세,68298
2033,11,서울특별시,남자,85 - 89세,71938
2034,11,서울특별시,남자,85 - 89세,76302
2024,11,서울특별시,남자,90 - 94세,10314
2025,11,서울특별시,남자,90 - 94세,12015
2026,11,서울특별시,남자,90 - 94세,13975
2027,11,서울특별시,남자,90 - 94세,15850
2028,11,서울특별시,남자,90 - 94세,17870
2029,11,서울특별시,남자,90 - 94세,20178
2030,11,서울특별시,남자,90 - 94세,22180
2031,11,서울특별시,남자,90 - 94세,24339
2032,11,서울특별시,남자,90 - 94세,27796
2033,11,서울특별시,남자,90 - 94세,30547
2034,11,서울특별시,남자,90 - 94세,31259
2024,11,서울특별시,남자,95 - 99세,1799
2025,11,서울특별시,남자,95 - 99세,1999
2026,11,서울특별시,남자,95 - 99세,2222
2027,11,서울특별시,남자,95 - 99세,2535
2028,11,서울특별시,남자,95 - 99세,2901
2029,11,서울특별시,남자,95 - 99세,3300
2030,11,서울특별시,남자,95 - 99세,3888
2031,11,서울특별시,남자,95 - 99세,4540
2032,11,서울특별시,남자,95 - 99세,5162
2033,11,서울특별시,남자,95 - 99세,5836
2034,11,서울특별시,남자,95 - 99세,6620
2024,11,서울특별시,남자,100세 이상,260
2025,11,서울특별시,남자,100세 이상,248
2026,11,서울특별시,남자,100세 이상,237
2027,11,서울특별시,남자,100세 이상,259
2028,11,서울특별시,남자,100세 이상,291
2029,11,서울특별시,남자,100세 이상,343
2030,11,서울특별시,남자,100세 이상,375
2031,11,서울특별시,남자,100세 이상,413
2032,11,서울특별시,남자,100세 이상,475
2033,11,서울특별시,남자,100세 이상,548
2034,11,서울특별시,남자,100세 이상,631
2024,11,서울특별시,여자,55 - 59세,366675
2025,11,서울특별시,여자,55 - 59세,368334
2026,11,서울특별시,여자,55 - 59세,376644
2027,11,서울특별시,여자,55 - 59세,382093
2028,11,서울특별시,여자,55 - 59세,382723
2029,11,서울특별시,여자,55 - 59세,374074
2030,11,서울특별시,여자,55 - 59세,363103
2031,11,서울특별시,여자,55 - 59세,345579
2032,11,서울특별시,여자,55 - 59세,331407
2033,11,서울특별시,여자,55 - 59세,318494
2034,11,서울특별시,여자,55 - 59세,309619
2024,11,서울특별시,여자,60 - 64세,372583
2025,11,서울특별시,여자,60 - 64세,361045
2026,11,서울특별시,여자,60 - 64세,345532
2027,11,서울특별시,여자,60 - 64세,342292
2028,11,서울특별시,여자,60 - 64세,336653
2029,11,서울특별시,여자,60 - 64세,346562
2030,11,서울특별시,여자,60 - 64세,349015
2031,11,서울특별시,여자,60 - 64세,357586
2032,11,서울특별시,여자,60 - 64세,363118
2033,11,서울특별시,여자,60 - 64세,364181
2034,11,서울특별시,여자,60 - 64세,356412
2024,11,서울특별시,여자,65 - 69세,335879
2025,11,서울특별시,여자,65 - 69세,345054
2026,11,서울특별시,여자,65 - 69세,358939
2027,11,서울특별시,여자,65 - 69세,357654
2028,11,서울특별시,여자,65 - 69세,360520
2029,11,서울특별시,여자,65 - 69세,352876
2030,11,서울특별시,여자,65 - 69세,343242
2031,11,서울특별시,여자,65 - 69세,329669
2032,11,서울특별시,여자,65 - 69세,327806
2033,11,서울특별시,여자,65 - 69세,323345
2034,11,서울특별시,여자,65 - 69세,334130
2024,11,서울특별시,여자,70 - 74세,232769
2025,11,서울특별시,여자,70 - 74세,250749
2026,11,서울특별시,여자,70 - 74세,270994
2027,11,서울특별시,여자,70 - 74세,285177
2028,11,서울특별시,여자,70 - 74세,300381
2029,11,서울특별시,여자,70 - 74세,316239
2030,11,서울특별시,여자,70 - 74세,326564
2031,11,서울특별시,여자,70 - 74세,341634
2032,11,서울특별시,여자,70 - 74세,342002
2033,11,서울특별시,여자,70 - 74세,346392
2034,11,서울특별시,여자,70 - 74세,340095
2024,11,서울특별시,여자,75 - 79세,181314
2025,11,서울특별시,여자,75 - 79세,190946
2026,11,서울특별시,여자,75 - 79세,197260
2027,11,서울특별시,여자,75 - 79세,201037
2028,11,서울특별시,여자,75 - 79세,206592
2029,11,서울특별시,여자,75 - 79세,214509
2030,11,서울특별시,여자,75 - 79세,232330
2031,11,서울특별시,여자,75 - 79세,251953
2032,11,서울특별시,여자,75 - 79세,265921
2033,11,서울특별시,여자,75 - 79세,281100
2034,11,서울특별시,여자,75 - 79세,297011
2024,11,서울특별시,여자,80 - 84세,131323
2025,11,서울특별시,여자,80 - 84세,135347
2026,11,서울특별시,여자,80 - 84세,135077
2027,11,서울특별시,여자,80 - 84세,141559
2028,11,서울특별시,여자,80 - 84세,147753
2029,11,서울특별시,여자,80 - 84세,155299
2030,11,서울특별시,여자,80 - 84세,163975
2031,11,서울특별시,여자,80 - 84세,169347
2032,11,서울특별시,여자,80 - 84세,173463
2033,11,서울특별시,여자,80 - 84세,179268
2034,11,서울특별시,여자,80 - 84세,186984
2024,11,서울특별시,여자,85 - 89세,71499
2025,11,서울특별시,여자,85 - 89세,75806
2026,11,서울특별시,여자,85 - 89세,80375
2027,11,서울특별시,여자,85 - 89세,87989
2028,11,서울특별시,여자,85 - 89세,94624
2029,11,서울특별시,여자,85 - 89세,97127
2030,11,서울특별시,여자,85 - 89세,100022
2031,11,서울특별시,여자,85 - 89세,99460
2032,11,서울특별시,여자,85 - 89세,105252
2033,11,서울특별시,여자,85 - 89세,110539
2034,11,서울특별시,여자,85 - 89세,116514
2024,11,서울특별시,여자,90 - 94세,26304
2025,11,서울특별시,여자,90 - 94세,29116
2026,11,서울특별시,여자,90 - 94세,32327
2027,11,서울특별시,여자,90 - 94세,35451
2028,11,서울특별시,여자,90 - 94세,38246
2029,11,서울특별시,여자,90 - 94세,41518
2030,11,서울특별시,여자,90 - 94세,44085
2031,11,서울특별시,여자,90 - 94세,46878
2032,11,서울특별시,여자,90 - 94세,51704
2033,11,서울특별시,여자,90 - 94세,55657
2034,11,서울특별시,여자,90 - 94세,56917
2024,11,서울특별시,여자,95 - 99세,6637
2025,11,서울특별시,여자,95 - 99세,7423
2026,11,서울특별시,여자,95 - 99세,8022
2027,11,서울특별시,여자,95 - 99세,8757
2028,11,서울특별시,여자,95 - 99세,9553
2029,11,서울특별시,여자,95 - 99세,10510
2030,11,서울특별시,여자,95 - 99세,11756
2031,11,서울특별시,여자,95 - 99세,13104
2032,11,서울특별시,여자,95 - 99세,14405
2033,11,서울특별시,여자,95 - 99세,15533
2034,11,서울특별시,여자,95 - 99세,16930
2024,11,서울특별시,여자,100세 이상,945
2025,11,서울특별시,여자,100세 이상,997
2026,11,서울특별시,여자,100세 이상,1084
2027,11,서울특별시,여자,100세 이상,1262
2028,11,서울특별시,여자,100세 이상,1452
2029,11,서울특별시,여자,100세 이상,1671
2030,11,서울특별시,여자,100세 이상,1866
2031,11,서울특별시,여자,100세 이상,2019
2032,11,서울특별시,여자,100세 이상,2243
2033,11,서울특별시,여자,100세 이상,2480
2034,11,서울특별시,여자,100세 이상,2763
2024,23,인천광역시,남자,55 - 59세,124895
2025,23,인천광역시,남자,55 - 59세,125558
2026,23,인천광역시,남자,55 - 59세,128254
2027,23,인천광역시,남자,55 - 59세,131061
2028,23,인천광역시,남자,55 - 59세,133350
2029,23,인천광역시,남자,55 - 59세,132342
2030,23,인천광역시,남자,55 - 59세,130654
2031,23,인천광역시,남자,55 - 59세,126690
2032,23,인천광역시,남자,55 - 59세,123029
2033,23,인천광역시,남자,55 - 59세,120274
2034,23,인천광역시,남자,55 - 59세,118443
2024,23,인천광역시,남자,60 - 64세,126363
2025,23,인천광역시,남자,60 - 64세,125225
2026,23,인천광역시,남자,60 - 64세,121893
2027,23,인천광역시,남자,60 - 64세,121060
2028,23,인천광역시,남자,60 - 64세,118214
2029,23,인천광역시,남자,60 - 64세,121958
2030,23,인천광역시,남자,60 - 64세,122938
2031,23,인천광역시,남자,60 - 64세,125832
2032,23,인천광역시,남자,60 - 64세,128744
2033,23,인천광역시,남자,60 - 64세,131072
2034,23,인천광역시,남자,60 - 64세,130139
2024,23,인천광역시,남자,65 - 69세,96807
2025,23,인천광역시,남자,65 - 69세,103760
2026,23,인천광역시,남자,65 - 69세,112217
2027,23,인천광역시,남자,65 - 69세,116109
2028,23,인천광역시,남자,65 - 69세,120505
2029,23,인천광역시,남자,65 - 69세,119978
2030,23,인천광역시,남자,65 - 69세,119097
2031,23,인천광역시,남자,65 - 69세,116177
2032,23,인천광역시,남자,65 - 69세,115663
2033,23,인천광역시,남자,65 - 69세,113240
2034,23,인천광역시,남자,65 - 69세,117143
2024,23,인천광역시,남자,70 - 74세,56390
2025,23,인천광역시,남자,70 - 74세,62268
2026,23,인천광역시,남자,70 - 74세,69490
2027,23,인천광역시,남자,70 - 74세,75181
2028,23,인천광역시,남자,70 - 74세,82525
2029,23,인천광역시,남자,70 - 74세,90350
2030,23,인천광역시,남자,70 - 74세,96890
2031,23,인천광역시,남자,70 - 74세,104840
2032,23,인천광역시,남자,70 - 74세,108510
2033,23,인천광역시,남자,70 - 74세,112738
2034,23,인천광역시,남자,70 - 74세,112352
2024,23,인천광역시,남자,75 - 79세,38765
2025,23,인천광역시,남자,75 - 79세,41816
2026,23,인천광역시,남자,75 - 79세,43614
2027,23,인천광역시,남자,75 - 79세,45726
2028,23,인천광역시,남자,75 - 79세,47836
2029,23,인천광역시,남자,75 - 79세,50609
2030,23,인천광역시,남자,75 - 79세,56082
2031,23,인천광역시,남자,75 - 79세,62609
2032,23,인천광역시,남자,75 - 79세,67836
2033,23,인천광역시,남자,75 - 79세,74521
2034,23,인천광역시,남자,75 - 79세,81611
2024,23,인천광역시,남자,80 - 84세,24406
2025,23,인천광역시,남자,80 - 84세,25429
2026,23,인천광역시,남자,80 - 84세,25697
2027,23,인천광역시,남자,80 - 84세,27503
2028,23,인천광역시,남자,80 - 84세,29312
2029,23,인천광역시,남자,80 - 84세,31325
2030,23,인천광역시,남자,80 - 84세,33864
2031,23,인천광역시,남자,80 - 84세,35266
2032,23,인천광역시,남자,80 - 84세,37200
2033,23,인천광역시,남자,80 - 84세,39107
2034,23,인천광역시,남자,80 - 84세,41523
2024,23,인천광역시,남자,85 - 89세,10847
2025,23,인천광역시,남자,85 - 89세,11731
2026,23,인천광역시,남자,85 - 89세,12668
2027,23,인천광역시,남자,85 - 89세,14305
2028,23,인천광역시,남자,85 - 89세,15660
2029,23,인천광역시,남자,85 - 89세,16355
2030,23,인천광역시,남자,85 - 89세,17026
2031,23,인천광역시,남자,85 - 89세,17181
2032,23,인천광역시,남자,85 - 89세,18586
2033,23,인천광역시,남자,85 - 89세,19984
2034,23,인천광역시,남자,85 - 89세,21436
2024,23,인천광역시,남자,90 - 94세,2787
2025,23,인천광역시,남자,90 - 94세,3257
2026,23,인천광역시,남자,90 - 94세,3777
2027,23,인천광역시,남자,90 - 94세,4205
2028,23,인천광역시,남자,90 - 94세,4727
2029,23,인천광역시,남자,90 - 94세,5289
2030,23,인천광역시,남자,90 - 94세,5740
2031,23,인천광역시,남자,90 - 94세,6234
2032,23,인천광역시,남자,90 - 94세,7092
2033,23,인천광역시,남자,90 - 94세,7801
2034,23,인천광역시,남자,90 - 94세,8135
2024,23,인천광역시,남자,95 - 99세,502
2025,23,인천광역시,남자,95 - 99세,523
2026,23,인천광역시,남자,95 - 99세,575
2027,23,인천광역시,남자,95 - 99세,646
2028,23,인천광역시,남자,95 - 99세,742
2029,23,인천광역시,남자,95 - 99세,850
2030,23,인천광역시,남자,95 - 99세,995
2031,23,인천광역시,남자,95 - 99세,1157
2032,23,인천광역시,남자,95 - 99세,1293
2033,23,인천광역시,남자,95 - 99세,1461
2034,23,인천광역시,남자,95 - 99세,1639
2024,23,인천광역시,남자,100세 이상,70
2025,23,인천광역시,남자,100세 이상,60
2026,23,인천광역시,남자,100세 이상,55
2027,23,인천광역시,남자,100세 이상,61
2028,23,인천광역시,남자,100세 이상,70
2029,23,인천광역시,남자,100세 이상,81
2030,23,인천광역시,남자,100세 이상,83
2031,23,인천광역시,남자,100세 이상,91
2032,23,인천광역시,남자,100세 이상,104
2033,23,인천광역시,남자,100세 이상,120
2034,23,인천광역시,남자,100세 이상,139
2024,23,인천광역시,여자,55 - 59세,130309
2025,23,인천광역시,여자,55 - 59세,130250
2026,23,인천광역시,여자,55 - 59세,132526
2027,23,인천광역시,여자,55 - 59세,134087
2028,23,인천광역시,여자,55 - 59세,134955
2029,23,인천광역시,여자,55 - 59세,132480
2030,23,인천광역시,여자,55 - 59세,130266
2031,23,인천광역시,여자,55 - 59세,125468
2032,23,인천광역시,여자,55 - 59세,121626
2033,23,인천광역시,여자,55 - 59세,118363
2034,23,인천광역시,여자,55 - 59세,115943
2024,23,인천광역시,여자,60 - 64세,129157
2025,23,인천광역시,여자,60 - 64세,128968
2026,23,인천광역시,여자,60 - 64세,126114
2027,23,인천광역시,여자,60 - 64세,125885
2028,23,인천광역시,여자,60 - 64세,124737
2029,23,인천광역시,여자,60 - 64세,129551
2030,23,인천광역시,여자,60 - 64세,129772
2031,23,인천광역시,여자,60 - 64세,132300
2032,23,인천광역시,여자,60 - 64세,134052
2033,23,인천광역시,여자,60 - 64세,135049
2034,23,인천광역시,여자,60 - 64세,132689
2024,23,인천광역시,여자,65 - 69세,101992
2025,23,인천광역시,여자,65 - 69세,109183
2026,23,인천광역시,여자,65 - 69세,118262
2027,23,인천광역시,여자,65 - 69세,122746
2028,23,인천광역시,여자,65 - 69세,127322
2029,23,인천광역시,여자,65 - 69세,127288
2030,23,인천광역시,여자,65 - 69세,126998
2031,23,인천광역시,여자,65 - 69세,124136
2032,23,인천광역시,여자,65 - 69세,123982
2033,23,인천광역시,여자,65 - 69세,123018
2034,23,인천광역시,여자,65 - 69세,127951
2024,23,인천광역시,여자,70 - 74세,62457
2025,23,인천광역시,여자,70 - 74세,69494
2026,23,인천광역시,여자,70 - 74세,77514
2027,23,인천광역시,여자,70 - 74세,83895
2028,23,인천광역시,여자,70 - 74세,91735
2029,23,인천광역시,여자,70 - 74세,99713
2030,23,인천광역시,여자,70 - 74세,106678
2031,23,인천광역시,여자,70 - 74세,115460
2032,23,인천광역시,여자,70 - 74세,119721
2033,23,인천광역시,여자,70 - 74세,124096
2034,23,인천광역시,여자,70 - 74세,123987
2024,23,인천광역시,여자,75 - 79세,47723
2025,23,인천광역시,여자,75 - 79세,50682
2026,23,인천광역시,여자,75 - 79세,52705
2027,23,인천광역시,여자,75 - 79세,54466
2028,23,인천광역시,여자,75 - 79세,56931
2029,23,인천광역시,여자,75 - 79세,60251
2030,23,인천광역시,여자,75 - 79세,67026
2031,23,인천광역시,여자,75 - 79세,74638
2032,23,인천광역시,여자,75 - 79세,80723
2033,23,인천광역시,여자,75 - 79세,88173
2034,23,인천광역시,여자,75 - 79세,95763
2024,23,인천광역시,여자,80 - 84세,37912
2025,23,인천광역시,여자,80 - 84세,38480
2026,23,인천광역시,여자,80 - 84세,38070
2027,23,인천광역시,여자,80 - 84세,39712
2028,23,인천광역시,여자,80 - 84세,41024
2029,23,인천광역시,여자,80 - 84세,43354
2030,23,인천광역시,여자,80 - 84세,46038
2031,23,인천광역시,여자,80 - 84세,47804
2032,23,인천광역시,여자,80 - 84세,49601
2033,23,인천광역시,여자,80 - 84세,51956
2034,23,인천광역시,여자,80 - 84세,55053
2024,23,인천광역시,여자,85 - 89세,23820
2025,23,인천광역시,여자,85 - 89세,24889
2026,23,인천광역시,여자,85 - 89세,26015
2027,23,인천광역시,여자,85 - 89세,28041
2028,23,인천광역시,여자,85 - 89세,29894
2029,23,인천광역시,여자,85 - 89세,30211
2030,23,인천광역시,여자,85 - 89세,30663
2031,23,인천광역시,여자,85 - 89세,30300
2032,23,인천광역시,여자,85 - 89세,31800
2033,23,인천광역시,여자,85 - 89세,33043
2034,23,인천광역시,여자,85 - 89세,34971
2024,23,인천광역시,여자,90 - 94세,9854
2025,23,인천광역시,여자,90 - 94세,10797
2026,23,인천광역시,여자,90 - 94세,11837
2027,23,인천광역시,여자,90 - 94세,12769
2028,23,인천광역시,여자,90 - 94세,13613
2029,23,인천광역시,여자,90 - 94세,14737
2030,23,인천광역시,여자,90 - 94세,15456
2031,23,인천광역시,여자,90 - 94세,16218
2032,23,인천광역시,여자,90 - 94세,17595
2033,23,인천광역시,여자,90 - 94세,18837
2034,23,인천광역시,여자,90 - 94세,19063
2024,23,인천광역시,여자,95 - 99세,2439
2025,23,인천광역시,여자,95 - 99세,2722
2026,23,인천광역시,여자,95 - 99세,2968
2027,23,인천광역시,여자,95 - 99세,3275
2028,23,인천광역시,여자,95 - 99세,3609
2029,23,인천광역시,여자,95 - 99세,3913
2030,23,인천광역시,여자,95 - 99세,4335
2031,23,인천광역시,여자,95 - 99세,4780
2032,23,인천광역시,여자,95 - 99세,5187
2033,23,인천광역시,여자,95 - 99세,5551
2034,23,인천광역시,여자,95 - 99세,6035
2024,23,인천광역시,여자,100세 이상,310
2025,23,인천광역시,여자,100세 이상,342
2026,23,인천광역시,여자,100세 이상,360
2027,23,인천광역시,여자,100세 이상,410
2028,23,인천광역시,여자,100세 이상,465
2029,23,인천광역시,여자,100세 이상,536
2030,23,인천광역시,여자,100세 이상,602
2031,23,인천광역시,여자,100세 이상,651
2032,23,인천광역시,여자,100세 이상,726
2033,23,인천광역시,여자,100세 이상,807
2034,23,인천광역시,여자,100세 이상,886
2024,31,경기도,남자,55 - 59세,568374
2025,31,경기도,남자,55 - 59세,579356
2026,31,경기도,남자,55 - 59세,598606
2027,31,경기도,남자,55 - 59세,616156
2028,31,경기도,남자,55 - 59세,629972
2029,31,경기도,남자,55 - 59세,627103
2030,31,경기도,남자,55 - 59세,618603
2031,31,경기도,남자,55 - 59세,599708
2032,31,경기도,남자,55 - 59세,582425
2033,31,경기도,남자,55 - 59세,568795
2034,31,경기도,남자,55 - 59세,558299
2024,31,경기도,남자,60 - 64세,535378
2025,31,경기도,남자,60 - 64세,538887
2026,31,경기도,남자,60 - 64세,533509
2027,31,경기도,남자,60 - 64세,539254
2028,31,경기도,남자,60 - 64세,533692
2029,31,경기도,남자,60 - 64세,557911
2030,31,경기도,남자,60 - 64세,568388
2031,31,경기도,남자,60 - 64세,586906
2032,31,경기도,남자,60 - 64세,603592
2033,31,경기도,남자,60 - 64세,616433
2034,31,경기도,남자,60 - 64세,613004
2024,31,경기도,남자,65 - 69세,406728
2025,31,경기도,남자,65 - 69세,435381
2026,31,경기도,남자,65 - 69세,471743
2027,31,경기도,남자,65 - 69세,489382
2028,31,경기도,남자,65 - 69세,510978
2029,31,경기도,남자,65 - 69세,513284
2030,31,경기도,남자,65 - 69세,515817
2031,31,경기도,남자,65 - 69세,510074
2032,31,경기도,남자,65 - 69세,515128
2033,31,경기도,남자,65 - 69세,509695
2034,31,경기도,남자,65 - 69세,533178
2024,31,경기도,남자,70 - 74세,238914
2025,31,경기도,남자,70 - 74세,266371
2026,31,경기도,남자,70 - 74세,297004
2027,31,경기도,남자,70 - 74세,321146
2028,31,경기도,남자,70 - 74세,351242
2029,31,경기도,남자,70 - 74세,383289
2030,31,경기도,남자,70 - 74세,409920
2031,31,경기도,남자,70 - 74세,443730
2032,31,경기도,남자,70 - 74세,459794
2033,31,경기도,남자,70 - 74세,479922
2034,31,경기도,남자,70 - 74세,481730
2024,31,경기도,남자,75 - 79세,167229
2025,31,경기도,남자,75 - 79세,177796
2026,31,경기도,남자,75 - 79세,185401
2027,31,경기도,남자,75 - 79세,194813
2028,31,경기도,남자,75 - 79세,205285
2029,31,경기도,남자,75 - 79세,218490
2030,31,경기도,남자,75 - 79세,243671
2031,31,경기도,남자,75 - 79세,271299
2032,31,경기도,남자,75 - 79세,293343
2033,31,경기도,남자,75 - 79세,320785
2034,31,경기도,남자,75 - 79세,349846
2024,31,경기도,남자,80 - 84세,111087
2025,31,경기도,남자,80 - 84세,115354
2026,31,경기도,남자,80 - 84세,115901
2027,31,경기도,남자,80 - 84세,122624
2028,31,경기도,남자,80 - 84세,129816
2029,31,경기도,남자,80 - 84세,138344
2030,31,경기도,남자,80 - 84세,147417
2031,31,경기도,남자,80 - 84세,153530
2032,31,경기도,남자,80 - 84세,162164
2033,31,경기도,남자,80 - 84세,171493
2034,31,경기도,남자,80 - 84세,182870
2024,31,경기도,남자,85 - 89세,52221
2025,31,경기도,남자,85 - 89세,56191
2026,31,경기도,남자,85 - 89세,60762
2027,31,경기도,남자,85 - 89세,67533
2028,31,경기도,남자,85 - 89세,73401
2029,31,경기도,남자,85 - 89세,75566
2030,31,경기도,남자,85 - 89세,78506
2031,31,경기도,남자,85 - 89세,78856
2032,31,경기도,남자,85 - 89세,84288
2033,31,경기도,남자,85 - 89세,90032
2034,31,경기도,남자,85 - 89세,96214
2024,31,경기도,남자,90 - 94세,13886
2025,31,경기도,남자,90 - 94세,16163
2026,31,경기도,남자,90 - 94세,18472
2027,31,경기도,남자,90 - 94세,20856
2028,31,경기도,남자,90 - 94세,23291
2029,31,경기도,남자,90 - 94세,25872
2030,31,경기도,남자,90 - 94세,28000
2031,31,경기도,남자,90 - 94세,30434
2032,31,경기도,남자,90 - 94세,34150
2033,31,경기도,남자,90 - 94세,37364
2034,31,경기도,남자,90 - 94세,38432
2024,31,경기도,남자,95 - 99세,2279
2025,31,경기도,남자,95 - 99세,2586
2026,31,경기도,남자,95 - 99세,2872
2027,31,경기도,남자,95 - 99세,3305
2028,31,경기도,남자,95 - 99세,3747
2029,31,경기도,남자,95 - 99세,4276
2030,31,경기도,남자,95 - 99세,5022
2031,31,경기도,남자,95 - 99세,5769
2032,31,경기도,남자,95 - 99세,6539
2033,31,경기도,남자,95 - 99세,7319
2034,31,경기도,남자,95 - 99세,8167
2024,31,경기도,남자,100세 이상,308
2025,31,경기도,남자,100세 이상,287
2026,31,경기도,남자,100세 이상,272
2027,31,경기도,남자,100세 이상,285
2028,31,경기도,남자,100세 이상,326
2029,31,경기도,남자,100세 이상,380
2030,31,경기도,남자,100세 이상,424
2031,31,경기도,남자,100세 이상,465
2032,31,경기도,남자,100세 이상,537
2033,31,경기도,남자,100세 이상,618
2034,31,경기도,남자,100세 이상,712
2024,31,경기도,여자,55 - 59세,570552
2025,31,경기도,여자,55 - 59세,582088
2026,31,경기도,여자,55 - 59세,601763
2027,31,경기도,여자,55 - 59세,616244
2028,31,경기도,여자,55 - 59세,625194
2029,31,경기도,여자,55 - 59세,619042
2030,31,경기도,여자,55 - 59세,609643
2031,31,경기도,여자,55 - 59세,589989
2032,31,경기도,여자,55 - 59세,572667
2033,31,경기도,여자,55 - 59세,557446
2034,31,경기도,여자,55 - 59세,545743
2024,31,경기도,여자,60 - 64세,533366
2025,31,경기도,여자,60 - 64세,536029
2026,31,경기도,여자,60 - 64세,528860
2027,31,경기도,여자,60 - 64세,536020
2028,31,경기도,여자,60 - 64세,538534
2029,31,경기도,여자,60 - 64세,567874
2030,31,경기도,여자,60 - 64세,578352
2031,31,경기도,여자,60 - 64세,597089
2032,31,경기도,여자,60 - 64세,610684
2033,31,경기도,여자,60 - 64세,618787
2034,31,경기도,여자,60 - 64세,611985
2024,31,경기도,여자,65 - 69세,422050
2025,31,경기도,여자,65 - 69세,450719
2026,31,경기도,여자,65 - 69세,488444
2027,31,경기도,여자,65 - 69세,506063
2028,31,경기도,여자,65 - 69세,526448
2029,31,경기도,여자,65 - 69세,526935
2030,31,경기도,여자,65 - 69세,527984
2031,31,경기도,여자,65 - 69세,519433
2032,31,경기도,여자,65 - 69세,525349
2033,31,경기도,여자,65 - 69세,527058
2034,31,경기도,여자,65 - 69세,555269
2024,31,경기도,여자,70 - 74세,266572
2025,31,경기도,여자,70 - 74세,295495
2026,31,경기도,여자,70 - 74세,327458
2027,31,경기도,여자,70 - 74세,352447
2028,31,경기도,여자,70 - 74세,381979
2029,31,경기도,여자,70 - 74세,414830
2030,31,경기도,여자,70 - 74세,442162
2031,31,경기도,여자,70 - 74세,478209
2032,31,경기도,여자,70 - 74세,494343
2033,31,경기도,여자,70 - 74세,513231
2034,31,경기도,여자,70 - 74세,512792
2024,31,경기도,여자,75 - 79세,206346
2025,31,경기도,여자,75 - 79세,216964
2026,31,경기도,여자,75 - 79세,226043
2027,31,경기도,여자,75 - 79세,234377
2028,31,경기도,여자,75 - 79세,244757
2029,31,경기도,여자,75 - 79세,258639
2030,31,경기도,여자,75 - 79세,286301
2031,31,경기도,여자,75 - 79세,316599
2032,31,경기도,여자,75 - 79세,340435
2033,31,경기도,여자,75 - 79세,368504
2034,31,경기도,여자,75 - 79세,399624
2024,31,경기도,여자,80 - 84세,167629
2025,31,경기도,여자,80 - 84세,171046
2026,31,경기도,여자,80 - 84세,168839
2027,31,경기도,여자,80 - 84세,175040
2028,31,경기도,여자,80 - 84세,181237
2029,31,경기도,여자,80 - 84세,189284
2030,31,경기도,여자,80 - 84세,199333
2031,31,경기도,여자,80 - 84세,207511
2032,31,경기도,여자,80 - 84세,215797
2033,31,경기도,여자,80 - 84세,225661
2034,31,경기도,여자,80 - 84세,238525
2024,31,경기도,여자,85 - 89세,104643
2025,31,경기도,여자,85 - 89세,110257
2026,31,경기도,여자,85 - 89세,115763
2027,31,경기도,여자,85 - 89세,124577
2028,31,경기도,여자,85 - 89세,132354
2029,31,경기도,여자,85 - 89세,135096
2030,31,경기도,여자,85 - 89세,137793
2031,31,경기도,여자,85 - 89세,135881
2032,31,경기도,여자,85 - 89세,141737
2033,31,경기도,여자,85 - 89세,147592
2034,31,경기도,여자,85 - 89세,154613
2024,31,경기도,여자,90 - 94세,41964
2025,31,경기도,여자,90 - 94세,46577
2026,31,경기도,여자,90 - 94세,51810
2027,31,경기도,여자,90 - 94세,56530
2028,31,경기도,여자,90 - 94세,60694
2029,31,경기도,여자,90 - 94세,65465
2030,31,경기도,여자,90 - 94세,69190
2031,31,경기도,여자,90 - 94세,72923
2032,31,경기도,여자,90 - 94세,79026
2033,31,경기도,여자,90 - 94세,84357
2034,31,경기도,여자,90 - 94세,86155
2024,31,경기도,여자,95 - 99세,10387
2025,31,경기도,여자,95 - 99세,11757
2026,31,경기도,여자,95 - 99세,12818
2027,31,경기도,여자,95 - 99세,14242
2028,31,경기도,여자,95 - 99세,15711
2029,31,경기도,여자,95 - 99세,17350
2030,31,경기도,여자,95 - 99세,19390
2031,31,경기도,여자,95 - 99세,21624
2032,31,경기도,여자,95 - 99세,23650
2033,31,경기도,여자,95 - 99세,25411
2034,31,경기도,여자,95 - 99세,27518
2024,31,경기도,여자,100세 이상,1422
2025,31,경기도,여자,100세 이상,1488
2026,31,경기도,여자,100세 이상,1620
2027,31,경기도,여자,100세 이상,1855
2028,31,경기도,여자,100세 이상,2145
2029,31,경기도,여자,100세 이상,2474
2030,31,경기도,여자,100세 이상,2785
2031,31,경기도,여자,100세 이상,3030
2032,31,경기도,여자,100세 이상,3401
2033,31,경기도,여자,100세 이상,3784
2034,31,경기도,여자,100세 이상,4220
