PRD_DE,C1,C1_NM,C2_NM,ITM_NM,DT
2023,11,서울특별시,0,정지인구(남자),99807.90191
2023,11,서울특별시,0,정지인구(여자),99868.45562
2023,11,서울특별시,1,정지인구(남자),399009.79
2023,11,서울특별시,1,정지인구(여자),399234.7908
2023,11,서울특별시,5,정지인구(남자),498673.3566
2023,11,서울특별시,5,정지인구(여자),498879.5568
2023,11,서울특별시,10,정지인구(남자),498515.6011
2023,11,서울특별시,10,정지인구(여자),498737.8919
2023,11,서울특별시,15,정지인구(남자),498023.1237
2023,11,서울특별시,15,정지인구(여자),498391.8606
2023,11,서울특별시,20,정지인구(남자),497270.9394
2023,11,서울특별시,20,정지인구(여자),497972.8478
2023,11,서울특별시,25,정지인구(남자),496230.3819
2023,11,서울특별시,25,정지인구(여자),497324.4036
2023,11,서울특별시,30,정지인구(남자),494909.3691
2023,11,서울특별시,30,정지인구(여자),496463.606
2023,11,서울특별시,35,정지인구(남자),493342.7579
2023,11,서울특별시,35,정지인구(여자),495445.5162
2023,11,서울특별시,40,정지인구(남자),491091.0164
2023,11,서울특별시,40,정지인구(여자),493981.5444
2023,11,서울특별시,45,정지인구(남자),487776.625
2023,11,서울특별시,45,정지인구(여자),492010.069
2023,11,서울특별시,50,정지인구(남자),482300.4381
2023,11,서울특별시,50,정지인구(여자),489311.0213
2023,11,서울특별시,55,정지인구(남자),473464.3211
2023,11,서울특별시,55,정지인구(여자),485541.1956
2023,11,서울특별시,60,정지인구(남자),460043.8145
2023,11,서울특별시,60,정지인구(여자),480513.8796
2023,11,서울특별시,65,정지인구(남자),441478.7225
2023,11,서울특별시,65,정지인구(여자),473225.2039
2023,11,서울특별시,70,정지인구(남자),413451.8673
2023,11,서울특별시,70,정지인구(여자),461922.8457
2023,11,서울특별시,75,정지인구(남자),369017.9508
2023,11,서울특별시,75,정지인구(여자),439845.8958
2023,11,서울특별시,80,정지인구(남자),295958.31
2023,11,서울특별시,80,정지인구(여자),394322.9859
2023,11,서울특별시,85,정지인구(남자),192411.1613
2023,11,서울특별시,85,정지인구(여자),309650.2997
2023,11,서울특별시,90,정지인구(남자),89538.79652
2023,11,서울특별시,90,정지인구(여자),191301.3161
2023,11,서울특별시,95,정지인구(남자),25433.7775
2023,11,서울특별시,95,정지인구(여자),80801.60591
2023,11,서울특별시,100,정지인구(남자),3960.76327
2023,11,서울특별시,100,정지인구(여자),22895.97645
2023,23,인천광역시,0,정지인구(남자),99685.94483
2023,23,인천광역시,0,정지인구(여자),99763.0474
2023,23,인천광역시,1,정지인구(남자),398339.3097
2023,23,인천광역시,1,정지인구(여자),398643.6293
2023,23,인천광역시,5,정지인구(남자),497651.9752
2023,23,인천광역시,5,정지인구(여자),498008.7987
2023,23,인천광역시,10,정지인구(남자),497376.4062
2023,23,인천광역시,10,정지인구(여자),497890.7235
2023,23,인천광역시,15,정지인구(남자),496737.5962
2023,23,인천광역시,15,정지인구(여자),497437.5421
2023,23,인천광역시,20,정지인구(남자),495558.0782
2023,23,인천광역시,20,정지인구(여자),496955.0859
2023,23,인천광역시,25,정지인구(남자),494173.0753
2023,23,인천광역시,25,정지인구(여자),496181.0612
2023,23,인천광역시,30,정지인구(남자),492698.9563
2023,23,인천광역시,30,정지인구(여자),495204.3497
2023,23,인천광역시,35,정지인구(남자),490832.0412
2023,23,인천광역시,35,정지인구(여자),493975.2517
2023,23,인천광역시,40,정지인구(남자),487910.995
2023,23,인천광역시,40,정지인구(여자),492151.0111
2023,23,인천광역시,45,정지인구(남자),483487.0042
2023,23,인천광역시,45,정지인구(여자),489320.1399
2023,23,인천광역시,50,정지인구(남자),476706.9687
2023,23,인천광역시,50,정지인구(여자),486109.4592
2023,23,인천광역시,55,정지인구(남자),466679.3418
2023,23,인천광역시,55,정지인구(여자),482001.3865
2023,23,인천광역시,60,정지인구(남자),451977.7532
2023,23,인천광역시,60,정지인구(여자),476223.0531
2023,23,인천광역시,65,정지인구(남자),430656.0581
2023,23,인천광역시,65,정지인구(여자),467454.2284
2023,23,인천광역시,70,정지인구(남자),396043.9215
2023,23,인천광역시,70,정지인구(여자),453350.4186
2023,23,인천광역시,75,정지인구(남자),343835.032
2023,23,인천광역시,75,정지인구(여자),426415.6535
2023,23,인천광역시,80,정지인구(남자),262380.5888
2023,23,인천광역시,80,정지인구(여자),372010.2476
2023,23,인천광역시,85,정지인구(남자),159958.2835
2023,23,인천광역시,85,정지인구(여자),276027.3347
2023,23,인천광역시,90,정지인구(남자),66931.08517
2023,23,인천광역시,90,정지인구(여자),152176.5574
2023,23,인천광역시,95,정지인구(남자),15838.98095
2023,23,인천광역시,95,정지인구(여자),52079.48164
2023,23,인천광역시,100,정지인구(남자),1783.24728
2023,23,인천광역시,100,정지인구(여자),9712.98243
2023,31,경기도,0,정지인구(남자),99824.89888
2023,31,경기도,0,정지인구(여자),99856.11401
2023,31,경기도,1,정지인구(남자),399040.3883
2023,31,경기도,1,정지인구(여자),399138.5969
2023,31,경기도,5,정지인구(남자),498539.5754
2023,31,경기도,5,정지인구(여자),498661.9448
2023,31,경기도,10,정지인구(남자),498335.3414
2023,31,경기도,10,정지인구(여자),498464.9593
2023,31,경기도,15,정지인구(남자),497879.0852
2023,31,경기도,15,정지인구(여자),498106.766
2023,31,경기도,20,정지인구(남자),497001.2411
2023,31,경기도,20,정지인구(여자),497562.9014
2023,31,경기도,25,정지인구(남자),495866.0208
2023,31,경기도,25,정지인구(여자),496873.94
2023,31,경기도,30,정지인구(남자),494350.579
2023,31,경기도,30,정지인구(여자),495980.6345
2023,31,경기도,35,정지인구(남자),492558.8669
2023,31,경기도,35,정지인구(여자),494969.7004
2023,31,경기도,40,정지인구(남자),490107.4487
2023,31,경기도,40,정지인구(여자),493498.1565
2023,31,경기도,45,정지인구(남자),486714.049
2023,31,경기도,45,정지인구(여자),491307.0731
2023,31,경기도,50,정지인구(남자),481088.6919
2023,31,경기도,50,정지인구(여자),488420.8217
2023,31,경기도,55,정지인구(남자),472120.7572
2023,31,경기도,55,정지인구(여자),484289.5993
2023,31,경기도,60,정지인구(남자),458829.328
2023,31,경기도,60,정지인구(여자),478867.2926
2023,31,경기도,65,정지인구(남자),438935.832
2023,31,경기도,65,정지인구(여자),470957.8632
2023,31,경기도,70,정지인구(남자),408065.4066
2023,31,경기도,70,정지인구(여자),456993.4072
2023,31,경기도,75,정지인구(남자),359058.0485
2023,31,경기도,75,정지인구(여자),431176.2849
2023,31,경기도,80,정지인구(남자),281162.5276
2023,31,경기도,80,정지인구(여자),377037.0896
2023,31,경기도,85,정지인구(남자),176246.051
2023,31,경기도,85,정지인구(여자),281671.9692
2023,31,경기도,90,정지인구(남자),76799.91329
2023,31,경기도,90,정지인구(여자),157716.0429
2023,31,경기도,95,정지인구(남자),19491.21201
2023,31,경기도,95,정지인구(여자),55553.64461
2023,31,경기도,100,정지인구(남자),2483.74921
2023,31,경기도,100,정지인구(여자),10958.87577
