행정동코드,행정동명,지역,D_A,A100_3km,A100_5km,A100_10km
1159063000,사당2동,동작구,76.28334004619288,8.61356999320192,15.848418242046344,38.94596739022535
1159064000,사당3동,동작구,57.33367979197911,8.6818629856567,17.146028116903413,42.12604398809821
1159065000,사당4동,동작구,36.74536581010493,8.028118626583776,17.48686422260162,44.76861729821891
1117069000,서빙고동,용산구,38.30734187931711,4.025537817640102,18.26723599750145,35.09325221056936
1117063000,이촌1동,용산구,73.75769097381165,10.714923827537792,18.327029516159506,38.62474077231944
1159062000,사당1동,동작구,46.601789445833134,6.1830557949545994,18.83861459245096,41.02165907076968
1159060500,흑석동,동작구,74.1627176795851,17.205079246946305,18.994811199574755,43.37488360080322
1117070000,보광동,용산구,23.092512112384235,18.701288352291506,21.361698403888024,36.8269883256783
1165057000,반포2동,서초구,44.037399585336175,4.509653094432669,21.366578857316043,33.659707527538465
1165059000,방배본동,서초구,47.042366501779995,1.2195245927725562,21.41175310472451,35.164407028496974
1165065200,양재2동,서초구,34.90457862472267,14.015121884441967,22.61027646733812,39.94173861822801
1165058000,반포3동,서초구,44.48632558601983,13.448712365215975,23.850649985825395,34.080558335796155
1117062500,한강로동,용산구,44.45510949555468,16.681857808160768,23.94307382792348,41.63893592242502
1165062100,방배4동,서초구,51.55944399475857,1.4168926254774306,25.019098127354617,34.204247123049555
1165061000,방배2동,서초구,44.80218762074769,3.0758189535323326,27.053884903304375,36.18184427756264
