반응,공급,반경(km),AUC,ΔAUC(압력 추가),AIC,ΔAIC(압력 추가),β(log 압력),OR(압력 2배),OR 95% 하한,OR 95% 상한,p
만실,q,3,0.7644734564695992,0.006773318827320685,1820.3527571371171,-18.938432839432153,0.29793314954808114,1.2293818998169803,1.1220217734940474,1.3470147293943098,9.449737977388646e-06
만실,q,4,0.7650982040567382,0.007398066414459725,1819.9085556326163,-19.382634343932978,0.34429937940839056,1.2695343048199612,1.145134378959573,1.40744822680029,5.744618521429857e-06
만실,q,5,0.765772403959482,0.00807226631720348,1818.3449934755063,-20.946196501043005,0.37006092688994374,1.2924074095326146,1.1612115540387882,1.4384260184161148,2.6444641999408847e-06
만실,q,6,0.7661795613579605,0.008479423715682,1816.8672668025101,-22.423923174039146,0.3984527755391421,1.3180935574262813,1.1786957090404542,1.4739772214348843,1.280376405210471e-06
만실,q,7,0.7670812419124858,0.00938110427020733,1813.7627121394144,-25.528477837134915,0.44444859142837906,1.360793911730333,1.2101574506103832,1.5301811092997395,2.650706947621768e-07
만실,q,8,0.7682038094767121,0.01050367183443357,1810.7684175594864,-28.522772417062924,0.4872352703957625,1.4017560246258678,1.2405737200511842,1.5838800393852024,5.996161723906619e-08
만실,q,9,0.7690758186418746,0.011375680999596072,1808.2157387210582,-31.07545125549109,0.5272505187735922,1.4411799828004184,1.2693132724363494,1.636317675019637,1.6934637617635153e-08
만실,q,10,0.7698044160917835,0.012104278449505013,1805.740850260009,-33.55033971654029,0.5688170249077567,1.4833067960836306,1.2997023096049303,1.692848458487912,4.971627897084812e-09
만실,정원,3,0.7644734564695992,0.006773318827320685,1820.352757137117,-18.93843283943238,0.29793314954807903,1.2293818998169783,1.1220217734940452,1.3470147293943082,9.449737977391074e-06
만실,정원,4,0.7650982040567382,0.007398066414459725,1819.9085556326165,-19.38263434393275,0.3442993794083919,1.2695343048199623,1.145134378959575,1.4074482268002901,5.7446185214286094e-06
만실,정원,5,0.765772403959482,0.00807226631720348,1818.3449934755063,-20.946196501043005,0.3700609268899421,1.292407409532613,1.1612115540387864,1.4384260184161137,2.6444641999413997e-06
만실,정원,6,0.7661795613579605,0.008479423715682,1816.8672668025101,-22.423923174039146,0.3984527755391408,1.31809355742628,1.1786957090404522,1.473977221434884,1.2803764052107949e-06
만실,정원,7,0.7670812419124858,0.00938110427020733,1813.7627121394144,-25.528477837134915,0.4444485914283738,1.3607939117303278,1.2101574506103758,1.5301811092997377,2.650706947624148e-07
만실,정원,8,0.7682038094767121,0.01050367183443357,1810.7684175594864,-28.522772417062924,0.48723527039576364,1.401756024625869,1.2405737200511897,1.5838800393851977,5.996161723900704e-08
만실,정원,9,0.7690758186418746,0.011375680999596072,1808.2157387210582,-31.07545125549109,0.5272505187735931,1.4411799828004193,1.269313272436351,1.636317675019637,1.6934637617631126e-08
만실,정원,10,0.7698044160917835,0.012104278449505013,1805.740850260009,-33.55033971654029,0.5688170249077569,1.4833067960836308,1.29970230960493,1.6928484584879129,4.971627897085265e-09
가동95,q,3,0.638462113659023,0.02141242937853116,2074.173266129151,-21.864729978309242,0.28679396006862595,1.219926272843023,1.1229828435368285,1.325238510755452,2.532874292188866e-06
가동95,q,4,0.6393826852775009,0.022333000997009078,2073.2354943220275,-22.802501785432923,0.3390300963155736,1.264905929504282,1.1507711167803019,1.3903607651985859,1.1128127868931886e-06
가동95,q,5,0.6413866733133932,0.02433698903290138,2070.5586689593442,-25.479327148116226,0.3706867236756908,1.2929681377656177,1.1719325574523773,1.4265041060991455,2.9952537104160586e-07
가동95,q,6,0.642549850448654,0.025500166168162197,2068.826844833031,-27.21115127442954,0.39919968253636257,1.318776132857201,1.190013038386778,1.4614717927389032,1.3012308130820076e-07
가동95,q,7,0.6444125955466933,0.027362911266201495,2065.40654078731,-30.631455320150508,0.44285754720762677,1.3592940175674786,1.2204391651060502,1.5139470110615323,2.3581504678993297e-08
가동95,q,8,0.6464614489863743,0.02941176470588247,2062.171549698971,-33.86644640848954,0.4833063273627439,1.3979437656676548,1.2495479467585702,1.5639630132149305,4.888857331956155e-09
가동95,q,9,0.648194582917913,0.031144898637421203,2059.595894482264,-36.4421016251963,0.5208737921947537,1.4348240098734413,1.2765771673913924,1.6126874206250845,1.400920771634663e-09
가동95,q,10,0.6498030907278166,0.03275340644732483,2057.0309126057546,-39.00708350170589,0.5610594344741053,1.4753522356781614,1.3059899837266435,1.666677575205773,4.0771628014508266e-10
가동95,정원,3,0.638462113659023,0.02141242937853116,2074.173266129151,-21.864729978309242,0.28679396006862545,1.2199262728430225,1.1229828435368268,1.3252385107554532,2.5328742921897848e-06
가동95,정원,4,0.6393826852775009,0.022333000997009078,2073.235494322027,-22.80250178543338,0.3390300963155732,1.2649059295042817,1.1507711167803005,1.3903607651985865,1.1128127868934433e-06
가동95,정원,5,0.6413866733133932,0.02433698903290138,2070.5586689593447,-25.47932714811577,0.37068672367569283,1.2929681377656195,1.1719325574523836,1.426504106099142,2.9952537104123544e-07
가동95,정원,6,0.642549850448654,0.025500166168162197,2068.826844833031,-27.21115127442954,0.39919968253636434,1.3187761328572025,1.1900130383867789,1.4614717927389058,1.3012308130820385e-07
가동95,정원,7,0.6444125955466933,0.027362911266201495,2065.40654078731,-30.631455320150508,0.44285754720762754,1.3592940175674793,1.2204391651060529,1.5139470110615305,2.3581504678980343e-08
가동95,정원,8,0.6464614489863743,0.02941176470588247,2062.171549698971,-33.86644640848954,0.4833063273627463,1.3979437656676572,1.2495479467585615,1.5639630132149465,4.88885733196849e-09
가동95,정원,9,0.648194582917913,0.031144898637421203,2059.595894482264,-36.4421016251963,0.5208737921947553,1.4348240098734428,1.2765771673914004,1.6126874206250779,1.4009207716321507e-09
가동95,정원,10,0.6498030907278166,0.03275340644732483,2057.0309126057546,-39.00708350170589,0.5610594344741051,1.4753522356781612,1.3059899837266487,1.6666775752057659,4.0771628014454246e-10
