행정동코드,행정동,지역,수요_2024,A100_2024,부족_2024,수요_2029,A100_2029,부족_2029,수요_2034,A100_2034,부족_2034,견고한우선동,소수요
1174064000,성내1동,강동구,38.81237724091596,67.94789525145355,0.0,53.50959782674103,49.77298854348076,9.465109983282247,71.42725443166138,37.40651808906464,21.467526676300068,False,False
1171062000,가락본동,송파구,49.197904973829544,68.5304567040968,0.0,65.54628402614179,50.45899964153624,11.144579008914159,89.47963271192236,37.52390762803005,26.78814575828431,False,False
1174065000,성내2동,강동구,56.851655774182994,68.81589161357725,0.0,77.82728542262322,50.30892071275763,13.349472130427442,101.52971129468962,37.84368691190487,30.070991386921595,False,False
1168070000,세곡동,강남구,102.39339461906663,70.51680114719794,0.0,123.72056057689244,51.36354863427598,19.91661125687907,154.5250152618817,38.25778675854921,45.12721168791109,False,False
1171053200,거여2동,송파구,55.345491690909896,70.26758592824054,0.0,74.38851929766535,51.5275231648567,11.853130955543438,99.10089807599725,38.2730160649608,28.926158319424648,False,False
1171057000,오금동,송파구,88.26063479898339,70.0630741484602,0.0,113.91562703059874,51.49626957550135,18.18701718549522,151.6094738097048,38.282160905275305,44.23880861203227,False,False
1171056600,오륜동,송파구,34.606522098067714,70.14785813500896,0.0,47.2755843084222,51.48187363119047,7.554513545641241,65.9766518286804,38.446234735881504,19.143372844526866,False,False
1171055000,마천2동,송파구,53.34223281705524,71.70179995842965,0.0,72.86610544710184,52.53906130815845,10.873479766704882,92.98771021462254,39.0219564533124,26.445382245123188,False,False
1153051000,신도림동,구로구,61.28145804259715,69.01682930996691,0.0,82.1937891943458,51.01030749725457,13.521948562133447,109.94705029926327,39.543369369878256,30.69528161788405,False,False
1162069500,신림동,관악구,24.695327967775363,67.53949787753032,0.0,34.35295064801771,50.19079244793284,5.933035289447958,43.812107504120604,39.62715015722695,12.194863290035823,False,False
1171053100,거여1동,송파구,32.20296655889521,72.75859772451548,0.0,42.70756964441001,53.39959607057237,6.005544217370365,56.121080768700445,39.67251925926784,15.595537829600298,False,False
1147063000,신정2동,양천구,35.257645970345784,70.48397057392316,0.0,47.14332901056254,52.04611574899073,7.267376980240509,61.31931691833055,40.06821896838211,16.797440010167886,False,False
1121577000,중곡4동,광진구,66.90878472015031,70.50000894762924,0.0,93.17291609278686,51.92665690072793,14.474368434566582,122.75587106845046,40.31442503216685,33.324762874971924,False,False
1171063200,가락2동,송파구,54.28044597836468,73.96346267573001,0.0,73.59463425036057,54.37632827131278,9.630064927384788,100.29770456148796,40.42068625736098,27.121425395231498,False,False
1123065000,장안1동,동대문구,81.82635337836945,68.3785380733903,0.0,114.86533359543485,51.031467805378526,18.87253717152382,151.90398791730453,40.42179835347848,41.074551594137,False,False
1150053000,등촌2동,강서구,40.77337643043935,71.97394765693103,0.0,55.561069030449275,53.41915222001643,7.802139433108931,74.12091398446827,40.928923749635075,19.666269249774153,False,False
1174058000,암사2동,강동구,31.8337115874454,74.37506582795257,0.0,43.93533661091415,54.28824758463969,5.787760940188223,56.78538495630628,41.11251230360145,14.962436326798445,False,False
1123060000,답십리1동,동대문구,55.86594762378628,68.25491604941632,0.0,74.7456471892936,51.484453954898676,11.942228382167508,94.31201155115612,41.37399854927775,24.603750738487744,False,False
1123053600,용신동,동대문구,88.26736267581566,67.57244658297252,0.0,116.0948967153025,51.435086372996544,18.60597557625402,141.4920966358864,41.7504956623325,36.37919416520989,False,False
1156072000,대림3동,영등포구,61.963673878443274,71.99624898843186,0.0,82.7097544350619,53.3562020491446,11.666547939405344,103.86176904532378,41.75498170316266,26.69935848554343,False,False
1174066000,성내3동,강동구,49.10714834108104,76.73539835222257,0.0,69.15517980359212,56.05821994007742,7.886034616358285,92.81313999857825,41.94276869025689,23.6848375306287,False,False
1121576000,중곡3동,광진구,37.53152651711989,72.31307973034772,0.0,52.32030308793099,53.53313801468054,7.287418543912686,68.43115110273068,41.98005425346227,17.43732163591956,False,False
1147054000,목4동,양천구,44.875938287401716,74.5231944514868,0.0,59.402399091092285,55.19730119919822,7.285293416281231,79.93202342441558,42.32626481433684,20.091189674179784,False,False
1123061000,답십리2동,동대문구,77.4356924212949,71.10758726033507,0.0,104.40795045374344,53.31807599824205,14.76697354526881,127.37187201231892,42.547750452190535,31.73324877480076,False,False
1129060000,안암동,성북구,31.60824677639521,68.84274566653369,0.0,39.519890354417456,52.416257501184106,5.94590664907903,46.656347069650806,42.640887629530646,11.580442183238361,False,False
1162074500,삼성동,관악구,74.59484505323289,74.14758393480304,0.0,96.98228641560708,54.654284156652245,12.420837034298968,121.74998978625716,42.734447975490916,30.10531674053644,False,False
1129058000,돈암1동,성북구,40.98604178208488,69.32284478872185,0.0,53.76162800607013,52.789615357100864,7.887902960757739,66.48835093552792,43.011150667682855,16.25670693385779,False,False
1171064100,문정1동,송파구,36.610115467002665,78.83886898341606,0.0,50.75596793286865,57.91262341053145,4.846680363348686,69.72150104722903,43.06641158889145,17.008698230068656,False,False
1153056000,구로5동,구로구,64.01570630718035,74.8049987183926,0.0,86.6118568529547,55.322055940355696,10.514292829930811,110.73407294107986,43.091058015647725,26.986504356887224,False,False
1138069000,진관동,은평구,118.71973433391209,70.51871318686914,0.0,154.58372624826345,53.826669223219156,21.07739889125755,193.92686129124806,43.634056967596955,46.20802492384808,False,False
1162065500,신원동,관악구,43.82975576374585,75.58716826495223,0.0,60.39890541947857,56.002021569727624,6.9214657300446545,73.17128013588733,44.09571502749947,17.097124166847966,False,False
1174062000,천호3동,강동구,58.8756472791487,80.77405010547596,0.0,80.84748515084351,58.85860348084599,6.955314086916847,105.98931870198655,44.10849487821135,24.75180717910151,False,False
1111055000,부암동,종로구,28.397811047437127,68.86380073836956,0.0,33.42752469044453,53.50813165506306,4.664302281997672,40.27961590626255,44.18848529923637,9.37432507385236,False,False
1123054500,제기동,동대문구,77.45466485269138,72.08956204788257,0.0,100.60540872288988,54.71302248121708,12.825768167548569,119.84256099589476,44.35743278245693,27.68863718361261,False,False
1123056000,전농1동,동대문구,82.88496774591263,73.31448576119676,0.0,106.23630695605618,55.301341253194,12.918619997353552,132.47387413652842,44.52130734966718,30.389907116876824,False,False
1129062000,정릉1동,성북구,45.288773230848946,71.41597719320409,0.0,60.20261930155682,54.530752924881575,7.7847144107489665,71.83015845052631,44.53975738129857,16.46480276156549,False,False
1130566000,인수동,강북구,100.17613344124018,71.79017415441417,0.0,130.47082076598602,54.69769375002922,16.653185758761452,158.88848134059992,44.55573897167256,36.39478996387781,False,False
1138064000,증산동,은평구,44.94616481744782,72.15443579524782,0.0,59.97028492120647,55.10385096025821,7.4109830603480304,75.96417469812798,44.77117751532209,17.236599461243134,False,False
1150059100,화곡6동,강서구,49.73172363008354,79.11424497550014,0.0,68.16487461206889,58.893836658948196,5.840211675744774,91.39488216113365,45.070069163420364,20.464721987265612,False,False
1129070500,종암동,성북구,106.51918032164417,73.12531700245714,0.0,129.62595984014425,55.508903649882235,15.49380980221641,155.03726904048773,45.07808412539359,34.70280659586865,False,False
1150062000,공항동,강서구,55.90343947166641,78.17262771295393,0.0,74.61486755217013,58.827272034072045,6.442499531632789,97.00305869232704,45.11859137783147,21.673411070337988,False,False
1156070000,대림1동,영등포구,43.25245935608353,77.90459963974904,0.0,57.94672690919956,57.737296199934654,5.63492132414547,69.99568612639345,45.31414022251237,15.50227314365893,False,False
1162068500,신사동,관악구,45.77016574526032,77.96632243538237,0.0,64.44166448899244,57.806338160882085,6.2220176200867785,80.12422928410736,45.51419255153609,17.58519875012785,False,False
1129063000,정릉2동,성북구,63.18013492411279,72.75457726565648,0.0,83.85972982780783,55.76704250471304,9.807032362556683,101.69320963706295,45.67952197059656,22.15090402649647,False,False
1141072000,북가좌2동,서대문구,88.26128360816438,73.40815300536914,0.0,117.88615584585544,56.17525426161026,13.305050432168894,145.9353491299282,45.724499122210275,31.722128052454906,False,False
1147067000,신정6동,양천구,38.07354838340409,80.67332432877538,0.0,49.390297301920995,59.46703820531175,3.9485425750904586,67.52007971831802,45.72823986498305,14.674388564052437,False,False
1141070000,남가좌2동,서대문구,71.57169703020377,73.13833364367756,0.0,91.93178158318761,56.15290614758381,10.396292548904958,111.32131496246852,45.80836671489866,24.104674700982457,False,False
1141062000,홍제1동,서대문구,67.69971759779256,71.8944278921913,0.0,89.68896765505694,55.70729086211438,10.542327122250015,107.16488286790064,45.81601972945571,23.196471020506053,False,False
1126054000,면목4동,중랑구,47.245551449569625,79.28858537030257,0.0,69.05622959594704,58.53795095279916,6.16234219711373,89.36634557365218,45.82186768742376,19.33864653022591,False,False
1123070500,청량리동,동대문구,76.97816328435425,75.01810011559493,0.0,98.48046164226261,56.72434125944772,10.574111420052525,116.8458354097133,45.84775523238634,25.254888688815,False,False
1129066000,길음1동,성북구,65.74592236815342,73.79670760102043,0.0,86.7330422333331,56.23749355664831,9.73501729983892,108.61522596626456,45.877449332795926,23.443684436675703,False,False
1129068500,길음2동,성북구,39.14723100324534,74.48894531576232,0.0,53.25309863189317,56.61288231320982,5.777283437206772,68.56388798126858,46.068092099881,14.668227367426265,False,False
1150053500,등촌3동,강서구,107.82723663236695,80.23078008457507,0.0,127.93317799689657,60.20343791649486,9.285609686848352,152.5520126627211,46.195534936900934,32.441824898211145,False,False
1171064200,문정2동,송파구,55.85230768622544,85.23757366920692,0.0,69.77269457903,62.32655477710997,3.5828661113158913,89.4236907303106,46.36994208218734,18.86094752237522,False,False
1123066000,장안2동,동대문구,66.64268202216974,78.7635570318119,0.0,92.38855613292725,58.602527033107066,8.184778461271538,122.5022401796759,46.385706941959945,25.81845288237976,False,False
1123057000,전농2동,동대문구,52.2351462478309,77.73166794619344,0.0,69.79101553019606,58.25082040833106,6.428303308484602,84.247080496495,46.5677133138967,17.602497614887618,False,False
1171064700,위례동,송파구,43.389393687214714,86.16551673408767,0.0,58.37659179093445,62.79102813700654,2.726526269288216,84.15587575617322,46.65174146591058,17.51272676383655,False,False
1174057000,암사1동,강동구,80.25910383101272,85.77598922157291,0.0,109.4277049065424,62.396865448319126,5.5422332740257065,142.98509197284488,46.76128381737028,29.598379845190262,False,False
1129071500,월곡1동,성북구,65.32176984519883,76.15834677348174,0.0,87.40882568434603,57.737414780434946,8.499804490615073,109.57673926339507,46.843767136766274,22.592359467113805,False,False
1159067000,신대방1동,동작구,53.90878163260274,80.82911771494807,0.0,71.02639022662693,59.90552395659948,5.366814868094028,89.45346967194406,47.076496913452466,18.2351905860306,False,False
1141064000,홍제3동,서대문구,59.08080685195571,73.83969792481156,0.0,74.77343596726408,57.1794580053413,7.688318031482236,87.30943619581821,47.09553503980458,17.781504865311412,False,False
1129065000,정릉4동,성북구,68.16488741028681,75.12607057224099,0.0,90.86546796588428,57.63841659826867,8.925890281457253,110.55410706509683,47.24963022452835,22.345173308078643,False,False
1150057000,화곡4동,강서구,49.68542842914225,84.91981972075827,0.0,68.4542948090527,62.73378195439586,3.2364010679879014,89.05818640805336,47.945396789006516,17.380785176423245,False,False
1132052100,도봉1동,도봉구,81.60882142980614,78.47884049023705,0.0,108.01179072834935,59.78161831266854,8.29529610681739,131.199880986034,48.00363959633189,25.528833474465284,False,False
1171064600,장지동,송파구,57.034365897782514,88.53495189522089,0.0,77.62218384043072,64.68046528657305,2.1587849443544687,103.60297388054921,48.084284467115005,20.075485086186347,False,False
1129072500,월곡2동,성북구,52.59390861510058,78.92177205772504,0.0,67.80742923726397,59.62487561635839,5.313887843934903,81.41490567842943,48.16829974259314,15.707630014807886,False,False
1129064000,정릉3동,성북구,48.66641723417903,76.32436167695421,0.0,61.88778000057114,58.784646680479256,5.369979716399183,73.44724725022557,48.314187459626915,14.063254474405168,False,False
1130557500,삼각산동,강북구,63.78050481000919,78.27381778516825,0.0,85.54250846412269,59.630271209933206,6.699123296932108,107.33470302392092,48.637748136626946,20.20453578900049,False,False
1123071000,회기동,동대문구,22.98641664821384,80.30333856868688,0.0,28.735270701061122,60.467994276626754,2.0096342921925925,32.68014786051825,48.661164062741605,6.144013396862427,False,False
1153053000,구로2동,구로구,75.03745649395303,85.46178711455359,0.0,101.86255598142716,62.985720479309336,4.559255051412286,127.06911275172916,48.84096230852392,23.661091289660202,False,False
1129076000,장위1동,성북구,53.17294059626444,80.12958128324955,0.0,74.45991512561098,60.6071149310136,5.1038509056401145,94.1253576783523,48.99783062532067,17.379097991785223,False,False
1129078000,장위3동,성북구,27.6840060336355,80.99106678095028,0.0,37.97236428138702,61.08571753957693,2.4210769557119782,50.75396874149035,49.140773340363445,9.298551503503731,False,False
1130555500,송천동,강북구,82.84291671641252,79.4947785703953,0.0,110.08100801859638,60.410192536274465,7.7622709727344095,139.2381203317652,49.145270295757854,25.503326547394856,False,False
1135061100,하계1동,노원구,68.06706712201623,81.10307165146644,0.0,85.59482650784703,61.48272061095995,5.117619649015688,105.23263921255403,49.15697104736415,19.26245423711469,False,False
1138063200,신사2동,은평구,51.929785652889706,79.57730898528197,0.0,68.50243704470563,60.65706496435534,4.661278898608884,85.87335068204627,49.22478354308886,15.660573584849335,False,False
1174060000,천호1동,강동구,64.66827969244922,90.72781245074314,0.0,91.11735350183169,65.93861523085603,1.3877121543637179,120.99278576679232,49.2453708310871,22.040334736776472,False,False
1130554500,송중동,강북구,77.78955096048529,80.18514164295851,0.0,108.1706378822371,60.841441829797645,7.161077695476314,136.05418590281417,49.398752042439476,24.575273787610566,False,False
1129077000,장위2동,성북구,41.889934756609414,81.55400255106242,0.0,56.378179672058515,61.44476731389369,3.3921861492114944,69.10207052798563,49.438306961870374,12.454475293812342,False,False
1130561500,수유1동,강북구,62.50380197479127,79.80160341088292,0.0,81.46394204021227,60.814157152432955,5.415276801184925,100.1499823449773,49.57330675541822,17.915132131011937,False,False
1147068000,신정7동,양천구,73.00384800597202,88.17001415806257,0.0,93.10125836509536,64.85770354461272,2.4242692952370675,117.28686501908288,49.854204512875185,20.651173426594724,False,False
1135059500,공릉1동,노원구,85.39367306426962,83.62297732141383,0.0,117.37260035103232,62.689006216308755,5.601728684567017,148.46311929029739,49.876696477515864,26.10711053181942,False,False
1111056000,평창동,종로구,55.399014194339,78.73467964219091,0.0,63.468372567342264,60.91863371414501,4.152720306108518,76.14318761378901,50.09397947403676,13.224267183542205,False,False
1138063100,신사1동,은평구,69.03189489474474,81.27072649285988,0.0,93.70648438490495,61.90421460801912,5.207639461336319,118.96651413307013,50.225494734635504,20.505205015829674,False,False
1135056000,월계1동,노원구,57.31276846225773,83.12305005746585,0.0,74.97423294410903,62.650888983758556,3.6068008738848736,93.84342742888914,50.26454759418233,16.138312394285634,False,False
1150059000,화곡본동,강서구,63.222943973138044,89.27990228490192,0.0,87.09596271340202,65.9519136619741,1.3148842028741834,116.35341076528567,50.29845855589096,19.969911623404087,False,False
1174059000,암사3동,강동구,32.696792797800434,92.79224331467876,0.0,45.81166505448892,67.33477278631473,0.05810605183580122,60.93436144933985,50.38538354323544,10.405289301462217,False,False
1123073000,휘경2동,동대문구,54.828963148491425,84.84232385414018,0.0,72.61448104337849,63.30870346112011,3.0156112339674177,90.97091238435982,50.39360285110149,15.526921456529006,False,False
1130553400,삼양동,강북구,65.12132917635742,81.43896305238113,0.0,89.11679171259635,62.01979833507196,4.849567601769154,112.06696836375197,50.545582387500396,18.957278853834218,False,False
1126057000,면목7동,중랑구,56.102141338464314,88.41853837380837,0.0,77.06699950458497,65.07394255360333,1.840103343389684,99.37726008861057,50.75658720289138,16.600993545856976,False,False
1153072000,고척1동,구로구,56.65827272280122,89.8310741175568,0.0,79.1587625500357,65.96485324742065,1.1848137994612793,102.29991521881848,50.757231272566095,17.088564856935573,False,False
1135058000,월계3동,노원구,86.18222680087727,84.38557674758188,0.0,112.51915770119008,63.534143411302615,4.419151863676366,138.94434380698237,50.80979014825252,23.13676125576207,False,False
1138060000,응암3동,은평구,83.86472690400217,81.60477016472821,0.0,108.93387085027558,62.42401968234247,5.487641684368154,126.77665284073136,50.83405132562399,21.07986181717683,False,False
1126055000,면목5동,중랑구,29.63371920342256,87.389058344621,0.0,41.15213403981256,64.70585355691124,1.1340524166957424,54.780902505139785,50.97593500155778,9.031001323807264,False,False
1153052000,구로1동,구로구,33.988446801779396,89.89982844205308,0.0,45.60489359057264,66.14521459624356,0.6003405362991884,63.50126256950605,51.20970912896682,10.320161984525111,False,False
1123072000,휘경1동,동대문구,30.24199843122685,86.91760709714072,0.0,39.17542913438115,64.97687490966857,0.9734054740123176,46.67464033372086,51.84320717008357,7.2898331555379565,False,False
1156071000,대림2동,영등포구,39.49879524927572,90.06264518750214,0.0,52.13457586520259,66.59592192696587,0.4513225916287818,63.887519923198056,52.121768085901834,9.800244297348785,False,False
1138056000,구산동,은평구,85.97901259419993,85.37521359769113,0.0,115.15471681417992,64.77735975484663,3.0910402966724346,143.67516771902413,52.31065641267028,21.76815738907891,False,False
1123074000,이문1동,동대문구,48.44055289573699,87.61894528547029,0.0,61.18151138380177,65.55545143250912,1.1662163703398274,70.45761439833183,52.35986327634543,10.640330185343853,False,False
1129081000,석관동,성북구,97.12502790601873,87.72119412620893,0.0,132.75821951228255,65.62992045390969,2.4317178845535605,165.136512453779,52.37387389684891,24.91536053251096,False,False
1141068500,홍은2동,서대문구,78.2365586641008,83.36036308971164,0.0,97.98364364791475,64.11387996734084,3.2802274641164137,120.10350471826956,52.45772417865274,18.02019222337559,False,False
1154568000,시흥2동,금천구,57.09977103693841,92.57677396311,0.0,75.18900298608492,67.95061208728241,0.0,96.60725572590528,52.63328559166717,14.325236885284582,False,False
1126052000,면목2동,중랑구,62.447579314249346,90.43256873069578,0.0,85.12487202664526,67.00040904345718,0.39259637533863895,109.34509833279198,52.87239322162512,15.952592984378771,False,False
1162077500,난곡동,관악구,71.05825398523349,91.75906428350115,0.0,98.12080866206462,67.70759939549882,0.0,124.87104706288872,53.018252295853294,18.035571484686724,False,False
1138055100,갈현1동,은평구,40.10123842157497,86.76451011157548,0.0,53.66308605178887,65.78814901291618,0.8980305897173394,67.84119132931687,53.0232008429353,9.795188503250346,False,False
1130560800,번3동,강북구,67.0178160760471,86.71644962206767,0.0,92.01207889545958,65.7767285709999,1.5502940528297777,111.12821340284974,53.24707845781727,15.796354491188461,False,False
1174070000,둔촌2동,강동구,52.83108519232099,98.62173499865348,0.0,71.2267341309169,71.67637257742085,0.0,94.61402340975533,53.26319496243794,13.433691339877882,False,False
1123075000,이문2동,동대문구,54.688291183108014,90.18500124376064,0.0,73.82959705907777,67.18446957294503,0.2046113581481661,91.48654685211373,53.363807253947904,12.897592539621566,False,False
1153055000,구로4동,구로구,63.159520293476334,92.84501967464755,0.0,84.54209866803095,68.52184950344123,0.0,101.3856935554243,53.39587059730424,14.26064703180703,False,False
1138059000,응암2동,은평구,54.854318877179,85.68422495138448,0.0,72.09359366285337,65.64153939671203,1.3121540097884774,90.47310404363013,53.54221849706027,12.593305186082365,False,False
1126063000,묵2동,중랑구,46.011100856487985,90.92272580506419,0.0,65.30210444579238,67.62923082254744,0.0,82.30385459549808,53.55567324780461,11.445121627520685,False,False
1126062000,묵1동,중랑구,79.82525635452922,91.58449487668621,0.0,108.15370028165503,67.93469112925582,0.0,137.4181030543791,53.55830592966353,19.10565615242143,False,False
1135061200,하계2동,노원구,50.11734314444459,88.04761725238016,0.0,63.25195155908427,66.86373877914009,0.3781649558997774,78.19472388013278,53.720225118528106,10.745037645057696,False,False
1126061000,중화2동,중랑구,67.64341493218905,91.71712215686412,0.0,91.92550753337053,68.04264767236047,0.0,114.8743953839926,53.78622027620216,15.709520791047876,False,False
1147062000,신정1동,양천구,37.17287792595085,95.80605858621936,0.0,47.371814842253045,70.48953267394525,0.0,62.59626164726379,53.99212930177948,8.431391123967531,False,False
1150055000,화곡2동,강서구,34.96226016394073,96.71885267705153,0.0,49.70219985329722,71.28667847141647,0.0,66.71771026262167,54.440486594884284,8.687395113062205,False,False
1150060300,가양1동,강서구,39.63896444940425,92.92061231250966,0.0,53.92450683024007,70.56855960367349,0.0,75.41759506215412,54.559694614588004,9.730313991692402,False,False
1174068500,길동,강동구,102.88820843208318,101.67388115291212,0.0,142.95539906153,73.81126954731737,0.0,191.66920405310896,54.87839694698933,24.11814351786194,False,False
1162076500,미성동,관악구,73.08958432535657,95.06058249588338,0.0,102.68499708843865,70.17750122706548,0.0,133.64867853882802,54.97275009952588,16.69119567407304,False,False
1147065000,신정4동,양천구,73.44293982223556,97.8449665343036,0.0,104.21525928273375,72.05292791876666,0.0,137.1025423913519,55.102190619718485,16.945077633550866,False,False
1150064000,방화2동,강서구,68.95961708368488,92.28211798147935,0.0,87.42623860614809,70.78717290390296,0.0,109.64158391786951,55.11549241422537,13.536478424271978,False,False
1130553500,미아동,강북구,63.97430155439733,89.36451227441722,0.0,85.8008301731914,67.91029578120714,0.0,104.21403551278266,55.14032870121544,12.84050404144456,False,False
1174053000,명일1동,강동구,49.040556196703115,102.29068443935634,0.0,67.23446589314408,74.17760935368575,0.0,93.43901677278137,55.181605745234585,11.474314852546495,False,False
1138055200,갈현2동,은평구,71.43674580759284,90.44652884992614,0.0,94.83875453443667,68.62070897861892,0.0,120.05453898957192,55.37442729250667,14.511210984518971,False,False
1174051500,강일동,강동구,75.76304180111396,104.40415363927838,0.0,98.67168175622871,75.23804359390175,0.0,129.14368537634292,55.52144725959253,15.419965673873117,False,False
1150061500,우장산동,강서구,72.01303046996281,98.07736390462306,0.0,102.5437370419373,73.04346318801358,0.0,140.94560258857945,55.87139376108817,16.33589954188645,False,False
1126056500,면목본동,중랑구,79.68387609852067,97.04474946460984,0.0,111.89202242327903,71.49099351055915,0.0,142.70102860952105,55.95546324448192,16.419389188887227,False,False
1135060000,공릉2동,노원구,77.5882733512492,97.22735768316659,0.0,102.1655352788991,71.94385620536265,0.0,132.5919110079279,56.0366533084417,15.148567866018,False,False
1138062500,역촌동,은평구,117.24887825383666,90.67173491378358,0.0,160.2099493799438,69.09266466620248,0.0,199.212787819812,56.07823507551826,22.677137718989563,False,False
1126059000,상봉2동,중랑구,39.073934435696046,96.6285719614949,0.0,53.877184081694125,71.39516560359418,0.0,69.98559408231763,56.133750018887405,7.927869817906943,False,False
1162072500,조원동,관악구,39.23088449256611,97.114861098476,0.0,52.80721055595168,71.75132678216059,0.0,66.80043967341878,56.1856938306011,7.53236130472438,False,False
1162071500,난향동,관악구,35.8317289174028,98.09202625688833,0.0,49.681802924543135,72.18967520974432,0.0,64.04877610380991,56.26936410363428,7.168496252782798,False,False
1174055000,고덕1동,강동구,36.90329339950928,104.93253122879011,0.0,48.94053793993883,75.94962938360786,0.0,65.49772366312096,56.451624621403575,7.21128953031933,False,False
1174056000,고덕2동,강동구,37.020610359741355,105.61283773511924,0.0,51.07867394323694,76.28463247971219,0.0,72.13989148813897,56.45732763798669,7.938477059492174,False,False
1153075000,개봉2동,구로구,81.68032701284238,101.2563978302872,0.0,114.07589533230065,73.97853722767384,0.0,148.87906881819043,56.64122194686188,16.109292366161018,False,False
1141066000,홍은1동,서대문구,67.28623377824627,89.43772137992411,0.0,86.21006910253428,69.01349604142247,0.0,102.20343813601548,56.659258631917666,11.040374079048595,False,False
1150059300,화곡8동,강서구,54.18365229833439,101.58641439827254,0.0,76.9538298600005,74.79665959976157,0.0,101.16142023325652,57.040176053766444,10.542470174284624,False,False
1126060000,중화1동,중랑구,45.64761638887371,98.01704676649577,0.0,65.6666740317152,72.49169431397252,0.0,85.27868928050948,57.041050899895005,8.886515866936193,False,False
1126069000,신내2동,중랑구,59.08191735771471,99.11926099507627,0.0,75.15998144259981,73.11862888530123,0.0,93.98991660749302,57.24496680587966,9.602614033220094,False,False
1130562500,수유2동,강북구,74.25622262695924,92.93553927480013,0.0,96.65613000075656,70.77968936081469,0.0,113.81662129242403,57.39348186427817,11.459202805233998,False,False
1153073000,고척2동,구로구,73.28893860601507,102.6968466030031,0.0,97.9669759499808,75.174180446121,0.0,122.99200836555266,57.512317802970145,12.236833787461826,False,False
1126057500,면목3·8동,중랑구,65.61299357596927,100.70865851062707,0.0,89.96797792638942,73.93756131871237,0.0,117.80094101838974,57.52860759426945,11.701169822772068,False,False
1130560300,번2동,강북구,55.84679318759857,94.158331603135,0.0,76.2416239436974,71.57189157343308,0.0,93.35779266012477,58.028170776108745,8.80685024892998,False,False
1153076000,개봉3동,구로구,54.557567854136785,104.9979401633482,0.0,76.0028565271181,76.4374666097921,0.0,98.48090121539161,58.304007496316125,9.01848907193563,False,False
1126058000,상봉1동,중랑구,51.40053199545865,101.08682005014116,0.0,71.44716397818826,74.54397908591964,0.0,93.45520122013853,58.41652426587821,8.453102690529237,False,False
1138058000,응암1동,은평구,74.29888423864685,93.81488940988714,0.0,97.99143124186423,71.90098816180638,0.0,122.64892828297118,58.67798759146869,10.773018246069526,False,False
1174054000,명일2동,강동구,29.57691992042866,109.70549011814768,0.0,41.19493831498338,79.4402035958083,0.0,58.63013098126356,58.8740692526978,5.034886148041169,False,False
1135062500,중계2·3동,노원구,113.50179979475313,96.22320247896124,0.0,141.95935299266193,73.39657300369713,0.0,168.24255540281632,59.05563801651239,14.142421382278366,False,False
1150063000,방화1동,강서구,87.22148737876113,101.02571688306372,0.0,115.82667509682301,76.86091695727548,0.0,154.23134068213497,59.43095071543901,12.385792848402073,False,False
1174052600,상일제2동,강동구,28.003741683522723,111.9340145957288,0.0,35.022674057637566,80.78507242679397,0.0,43.705312049681346,59.49739088593674,3.4807866370880047,False,False
1154571000,시흥5동,금천구,62.63795042688149,105.17342569303696,0.0,82.02325387615774,77.12786753549936,0.0,99.28813502941834,59.59174269176708,7.813844072912095,False,False
1130563500,수유3동,강북구,65.59990323468286,96.77573735531078,0.0,88.51632277342674,73.66401678150349,0.0,108.52591230465436,59.7385254076607,8.381547567332683,False,False
1135063000,상계1동,노원구,99.12987792371983,98.32415889849993,0.0,131.66788120768658,74.88339939884612,0.0,167.21689360210686,59.909223235406,12.62886585558625,False,False
1138053000,불광2동,은평구,82.68043938871266,97.19359235189397,0.0,112.00875527910203,74.1451730654141,0.0,138.20578528846124,60.1587664639162,10.092951691288375,False,False
1153054000,구로3동,구로구,47.010719523569314,105.24955223457826,0.0,62.5602353199558,77.6123653605638,0.0,78.91933685392893,60.51476675953259,5.482402294375015,False,False
1150054000,화곡1동,강서구,104.1156397016167,108.3325159059938,0.0,144.85540479966548,79.6074609490903,0.0,194.2315638424662,60.607417321220005,13.31300483312328,False,False
1132066000,쌍문1동,도봉구,66.96707555794652,98.1965818074025,0.0,88.21926288001711,74.88871950136202,0.0,105.69094881329363,60.6488719395203,7.200447063334737,False,False
1153074000,개봉1동,구로구,83.75643800860443,109.32850797113547,0.0,115.73448712154051,79.75896233455622,0.0,149.7040971168027,60.861832576672604,9.880136590065502,False,False
1126066000,망우3동,중랑구,46.15400824130535,107.14468215289187,0.0,60.80159861163621,78.51517236918139,0.0,78.52466732532352,60.95666432973634,5.107986625600438,False,False
1135057000,월계2동,노원구,79.79805699310604,99.47989523647777,0.0,106.35145827534866,75.6796033962954,0.0,130.60201178637237,61.10203850402437,8.305727779740971,False,False
1174052500,상일제1동,강동구,49.90847749715637,115.24664907818504,0.0,73.9115760589782,83.30334794934093,0.0,107.96507082636327,61.52245143901044,6.412216304596085,False,False
1147058000,신월3동,양천구,38.53805936783776,110.94156989866039,0.0,53.923249149343526,81.26144567050441,0.0,69.48993659093559,61.686977037855705,4.01278849909592,False,False
1150056000,화곡3동,강서구,51.00892871119841,109.81083684598794,0.0,70.78669479208685,81.32829924331122,0.0,94.1466121467188,62.053980966210446,5.091099147114603,False,False
1154570000,시흥4동,금천구,53.92545440866824,108.98316695074308,0.0,74.78429425618496,80.10157946845933,0.0,98.36987504917718,62.27414230642868,5.102905085421827,False,False
1126068000,신내1동,중랑구,98.63016559118998,109.84056564951547,0.0,128.62356592662474,80.44204269057927,0.0,162.9144949641107,62.31913565014716,8.377835448361472,False,False
1154563000,독산3동,금천구,60.52905579502593,108.71346149035881,0.0,82.91496922014254,80.12207408709541,0.0,107.48968918746918,62.54747424157738,5.282188812659785,False,False
1147056000,신월1동,양천구,51.20271901994452,112.8921268816867,0.0,73.77415200995472,82.76580489859396,0.0,98.74915176888523,62.91839881187058,4.48638210683252,False,False
1138057000,대조동,은평구,73.27836490186034,101.68914322111378,0.0,96.51671067262757,77.60132381749145,0.0,117.20676783506259,63.04493468541303,5.17664190187262,False,False
1150064100,방화3동,강서구,78.2150647742016,105.79715754130332,0.0,96.89107065291358,81.05129770681943,0.0,117.7345074269851,63.22526072102743,4.9876444741993184,False,False
1147057000,신월2동,양천구,49.0414697249209,113.06627726577463,0.0,67.70293804713509,82.96934716217575,0.0,92.04516849280857,63.26852422333597,3.8595324911261017,False,False
1130559500,번1동,강북구,46.07827313963742,102.568348991559,0.0,61.3097652912076,78.08551585178968,0.0,77.33726353641278,63.288470363408514,3.227391681690184,False,False
1126065500,망우본동,중랑구,90.92115862667542,112.14098859326332,0.0,121.58706975460619,82.06739559240022,0.0,155.2539153850916,63.56298716668145,6.052763958844697,False,False
1153059500,가리봉동,구로구,25.927687172243232,111.66993703068738,0.0,32.50703946406568,82.18462735999609,0.0,42.099333382597216,63.87660275468142,1.5092639795419271,False,False
1147060000,신월5동,양천구,31.091427341374,113.6164191235804,0.0,44.11996666537327,83.894707127068,0.0,58.33776612752509,63.912118631716694,2.0706937341719533,False,False
1138051000,녹번동,은평구,100.97794717199939,102.07529268098507,0.0,133.20160387462573,78.33977507482426,0.0,162.94639576365213,63.99956164688153,5.641282343510529,False,False
1132052200,도봉2동,도봉구,92.85315272909304,104.3696194328075,0.0,120.02097591486051,79.7075516023341,0.0,148.43672801057357,64.05134252043806,5.062088855016668,False,False
1154564000,독산4동,금천구,33.989524862992795,112.63567627097464,0.0,50.84629305104288,82.88197601042846,0.0,68.81602285941352,64.56704031950531,1.9919274511140734,False,False
1154567000,시흥1동,금천구,86.55700341465038,114.1240983447874,0.0,114.63277996419666,83.68528690356743,0.0,145.0541687092292,64.718044867067,3.9796550023747597,False,False
1147061000,신월6동,양천구,22.690660253363998,116.27867215000968,0.0,33.098321088657165,85.04405763646616,0.0,44.866197441816816,64.77869683459221,1.2037209341952155,False,False
1154562000,독산2동,금천구,44.454021980295586,113.50009203862719,0.0,61.73159664413594,83.41097857160248,0.0,82.76500722753532,64.84552819751619,2.16519995386677,False,False
1150061100,발산1동,강서구,68.95463486481502,113.64902742717426,0.0,89.81472750371304,84.78260834960271,0.0,119.4079839551537,64.87306139312771,3.090933216024552,False,False
1154569000,시흥3동,금천구,29.687225308527122,116.13166614562145,0.0,42.522490745287776,85.0282466761114,0.0,53.42163797143937,65.24460407618969,1.1843606595878013,False,False
1138052000,불광1동,은평구,115.8848801121558,104.40025052616215,0.0,148.79910547404413,80.05469841018797,0.0,178.02681253960947,65.28887676513624,3.86804699375064,False,False
1132071000,방학3동,도봉구,76.6840566407414,105.91529909595758,0.0,94.03554106963819,80.91687401368073,0.0,117.19582562450415,65.43073290380777,2.380102700222424,False,False
1135062100,중계1동,노원구,35.49872984540457,108.6992247243264,0.0,46.82440424796444,82.42501699158798,0.0,60.44691368677679,65.5953263580764,1.1281106145702655,False,False
1135061900,중계본동,노원구,36.91269479413545,112.08065378004176,0.0,46.782027167985184,83.86592801458241,0.0,59.90353226948294,65.60085773329746,1.114656089151464,False,False
1147059000,신월4동,양천구,43.686530260730756,117.75215134877408,0.0,59.22516924258105,86.22370722390876,0.0,77.45442318783135,65.63550771942889,1.414396670953184,False,False
1132051300,창3동,도봉구,39.35491332888552,106.73585642596979,0.0,55.94256335360718,81.30562479713494,0.0,68.3112078342427,65.79103143238068,1.141192117531861,False,False
1147064000,신정3동,양천구,102.3511011422543,118.61770182657641,0.0,138.31436702932677,86.56010622848488,0.0,182.12312905638478,65.86749145583902,2.903257827447937,False,False
1153078000,오류2동,구로구,98.18304443141434,121.4628608195337,0.0,130.14990081931907,87.90117303554673,0.0,164.96711279777134,66.47928170027878,1.6205179584770089,False,False
1154551000,가산동,금천구,33.133636952506045,118.0517192032023,0.0,46.29874781587266,86.69857587555178,0.0,62.812942344293425,67.19680299557822,0.16633281370521583,False,False
