행정동코드,행정동명,지역,D,65세이상,견고한우선동,A100_5km,부족_중앙값_5km,전국대비_5km,A100_10km,부족_중앙값_10km,전국대비_10km,소수요
1111053000,사직동,종로구,31.11594715766191,1894,False,40.554927903791715,8.37226885547334,0.25381094365601276,61.24416625312844,5.119684369463353,0.3832934845059586,False
1111054000,삼청동,종로구,9.61255367148998,627,False,54.24753574435031,1.2702099406381435,0.3395054300416972,70.31773077862366,0.7094070559981569,0.4400799243685319,False
1111055000,부암동,종로구,28.3978110474372,1944,False,68.86380073836936,0.0,0.43098057751721464,69.63252562302475,2.290343478573869,0.435791602920813,False
1111056000,평창동,종로구,55.399014194339145,3718,False,78.73467964219067,0.0,0.4927569686684088,74.6916199984635,1.665359167142264,0.46745368651571145,False
1111057000,무악동,종로구,21.859759318250536,1538,False,52.055152531021285,3.3678144326413832,0.3257845117466208,62.03296474215857,3.424281506514558,0.38823013953664004,False
1111058000,교남동,종로구,22.973109292963834,1727,False,37.260398315953815,6.938157273868587,0.23319229860317287,59.28729079515512,4.229451920813248,0.37104647946174396,False
1111060000,가회동,종로구,13.01847569445368,849,False,50.75606900681463,2.174806740496141,0.3176542639022881,67.83426183059083,1.2840741135073102,0.42453726087925264,False
1111061500,종로1·2·3·4가동,종로구,22.647870998459823,1783,False,44.126477820919,5.284910540463946,0.2761633062821063,63.07976979735752,3.310658347604755,0.3947815154758163,False
1111063000,종로5·6가동,종로구,14.356676381710134,1088,False,47.07527965255785,2.926799415278155,0.2946182318417904,63.2537098800953,2.073682225624088,0.39587011059412136,False
1111064000,이화동,종로구,20.32987045923778,1390,False,52.50082731262854,3.0415076567517088,0.3285737445903278,68.76455723608989,1.8161038675681354,0.43035946713020967,False
1111067000,창신1동,종로구,15.169242028039209,1249,False,53.78700832824445,2.074333361819836,0.33662324274405037,63.21512604689763,2.1969023027355083,0.3956286356459474,False
1111068000,창신2동,종로구,24.024571541709783,1925,False,52.972864228713114,3.480858994905368,0.3315279635053785,66.1669048514783,2.770233011400829,0.41410219243864455,False
1111069000,창신3동,종로구,17.779249274431336,1368,False,56.63791488718755,1.924371661980713,0.3544654957426757,69.07630263418466,1.53282630139779,0.43231050977189694,False
1111070000,숭인1동,종로구,17.29897069373841,1315,False,58.776001953948985,1.5025207195961012,0.36784660437935757,67.92325806578799,1.6908842409123985,0.42509423926892725,False
1111071000,숭인2동,종로구,20.46372561876077,1785,False,59.83411668621046,1.5608692194959104,0.374468761354429,65.93113740431542,2.4078846495518227,0.4126266539198797,False
1111051500,청운효자동,종로구,33.837270996644904,2214,False,53.616838808573505,4.684692608297906,0.335558245501998,66.40654352821959,3.8206317232733578,0.4156019588498801,False
1111065000,혜화동,종로구,43.2917199729493,2737,False,59.310026935665505,3.5289603362344844,0.37118877243515835,73.36551781208989,1.8754921859742157,0.4591543437550425,False
1114052000,소공동,중구,3.45210053920289,292,False,31.056052311988374,1.2567564391065347,0.19436271622120915,55.29479793335674,0.7733719792427665,0.34605966692944506,False
1114054000,회현동,중구,17.143753810405354,1297,False,29.310050997599536,6.540609279975656,0.1834354562275294,50.90397889162623,4.593455921320846,0.3185799503571906,False
1114055000,명동,중구,9.865920306664451,721,False,33.927678159073935,3.30843095070233,0.212334639825779,55.24803912776449,2.214869298091921,0.34576702933433573,False
1114057000,필동,중구,12.980728847917842,914,False,36.057317036014126,4.076506063086681,0.22566287589822395,50.80534537585796,3.490828433411097,0.3179626575395916,False
1114058000,장충동,중구,13.104829948605328,893,False,38.00676484981127,3.860007314874824,0.23786339541096468,50.12771137791986,3.613004970482956,0.31372171979515573,False
1114059000,광희동,중구,13.695405358846733,1174,False,42.9473993594309,3.3573204616458203,0.2687841039897309,56.63598799602775,2.884491897495542,0.3544534363928292,False
1114060500,을지로동,중구,6.089857329568668,501,False,39.60500535429652,1.696427454838937,0.2478659019274351,57.49354431624425,1.2304065071370183,0.3598204087960024,False
1114065000,신당5동,중구,25.432425863018334,1984,False,51.526345090896754,4.052724329902245,0.322474997408222,58.576857946938134,4.8629033816140685,0.3666002717890797,False
1114067000,황학동,중구,26.85614326703471,2156,False,55.116318963161525,3.3154689375726254,0.34494266541595536,61.70356914639138,4.295416624778858,0.3861686340348638,False
1114068000,중림동,중구,30.94479250584649,2238,False,29.12061652782344,11.86454074788339,0.18224989027981256,51.174979923618224,8.207412134487592,0.32027599646593513,False
1114061500,신당동,중구,20.536478439401563,1577,False,47.718667429285624,4.054505060212863,0.29864484136099395,58.54936178548024,3.9324019410356437,0.3664281884678345,False
1114062500,다산동,중구,39.115545243928366,3003,False,39.3254174883907,11.005624951564975,0.2461161155574859,49.870496477029334,10.884776844728565,0.3121119534833456,False
1114063500,약수동,중구,61.1166431070374,4217,False,37.32553481970527,18.41815726405189,0.23359995208298745,47.46855558283094,18.475060901893656,0.29707952915235664,False
1114064500,청구동,중구,42.486337973025506,2993,False,42.62832050397317,10.550755131061392,0.2667871652799266,52.01903632396673,10.909939543081467,0.32555848031055123,False
1114066500,동화동,중구,30.059448107612106,2162,False,46.874389032025086,6.188404880532778,0.29336096816004936,55.621405296743646,6.636023463051674,0.34810372242136667,False
1117051000,후암동,용산구,43.76995741328648,3146,False,28.861975191283978,16.895043538160497,0.18063119669339403,47.47009087168886,13.230627823781711,0.29708913767921036,False
1117052000,용산2가동,용산구,30.86138305666691,2097,False,27.35215491674896,12.378332448763745,0.1711820636671981,42.28120553913077,10.930031429921291,0.2646147640123722,False
1117053000,남영동,용산구,18.62321353537473,1583,False,28.820421140275137,7.196231037666135,0.18037113278884698,45.45259135114074,6.005082323185045,0.28446272003766904,False
1117057000,원효로2동,용산구,36.29044004949807,2514,False,24.101982058302607,15.735399635207482,0.1508410229383277,47.61422372301674,10.91743933927464,0.29799118576308675,False
1117058000,효창동,용산구,23.812019379888817,1662,False,28.14245287830875,9.362685216282848,0.1761281030700732,47.021878009956616,7.304541480247392,0.29428402039075413,False
1117059000,용문동,용산구,29.852939628132397,2307,False,26.176376833415393,12.324855610265052,0.16382351662283143,46.68862037305869,9.25713285656922,0.29219834450193743,False
1117063000,이촌1동,용산구,73.75769097381165,4541,True,18.327029516159506,36.24053173240992,0.11469877759228213,38.62474077231944,28.819339788872018,0.24173096613925169,False
1117064000,이촌2동,용산구,25.02195800717817,1844,False,23.18595611205056,11.078635420746675,0.14510812136880266,45.49524840178537,8.057693166526027,0.284729687009066,False
1117065000,이태원1동,용산구,21.481803512827156,1394,False,25.73170848419297,8.964335361724203,0.16104058248476943,39.40594164751643,8.225768232470344,0.24662007189204757,False
1117066000,이태원2동,용산구,29.731494075527213,1909,False,29.385816082619215,11.320502290964363,0.1839096281400191,43.37700105068625,10.204067566196608,0.2714727442189137,False
1117069000,서빙고동,용산구,38.30734187931711,2283,True,18.26723599750145,18.845056877605384,0.1143245629116121,35.09325221056936,16.32064563228953,0.2196293254583814,False
1117070000,보광동,용산구,23.092512112384235,1773,True,21.361698403888024,10.645627574534755,0.13369109773411883,36.8269883256783,9.438082580854628,0.2304798243292022,False
1117055500,청파동,용산구,44.5949053311363,3388,False,29.435117241890936,16.957878263552224,0.18421817692569997,47.45003280063409,13.488935038673674,0.2969636052666165,False
1117056000,원효로1동,용산구,25.02856845909093,2103,False,27.054261908729355,10.113380677000187,0.1693177155008458,44.50373762693711,8.307982849609628,0.27852436749755444,False
1117062500,한강로동,용산구,44.45510949555468,3295,True,23.94307382792348,19.34621272405393,0.14984650389978044,41.63893592242502,16.02997948798801,0.260595152440521,False
1117068500,한남동,용산구,34.84155476023031,2662,False,28.343219287185526,13.62945537880167,0.17738458937951332,41.50426484177206,12.610368410796754,0.25975232036485346,False
1120052000,왕십리2동,성동구,35.432501853829535,2823,False,53.26133030227853,5.031514221998959,0.33333331368422914,58.85731256221061,6.675633727164265,0.3683554826656434,False
1120054000,마장동,성동구,54.666432852628674,4262,False,64.31448268890868,1.7204220143697029,0.4025089030054473,66.73390191373697,5.993537528495474,0.4176507145754231,False
1120055000,사근동,성동구,21.93928019024172,1559,False,58.06389788214826,2.061790303136047,0.36338993743930537,62.15371983286641,3.410245472290311,0.38898587910043686,False
1120056000,행당1동,성동구,30.176066132183575,2327,False,55.25187874341761,3.6844164549353957,0.3457910593726706,59.805781417109536,5.399088339644661,0.37429142652088393,False
1120057000,행당2동,성동구,55.727564344498525,4256,False,50.36906328294089,9.525259741581008,0.3152322083580225,56.12535018184693,12.021765727390749,0.351257635729809,False
1120058000,응봉동,성동구,36.46889494406085,2683,False,47.938849044462536,7.119735033664442,0.3000228367468157,53.97873864960305,8.6500565788425,0.33782317716156285,False
1120059000,금호1가동,성동구,37.58852841688263,2903,False,45.63418842295595,8.204606408182878,0.2855992360307915,52.96950984344653,9.294976680036728,0.3315069702566193,False
1120062000,금호4가동,성동구,34.930965384186614,2696,False,40.051147436579875,9.574739046583021,0.25065805934854124,48.006474153772935,10.371444736074677,0.3004460650373364,False
1120065000,성수1가1동,성동구,28.803503824048743,2546,False,40.46329744014777,7.776459872615421,0.2532374790822307,50.523076272331366,7.827254432904103,0.3161960907810221,False
1120066000,성수1가2동,성동구,25.93515818421081,2116,False,49.86824822700719,4.562866099505759,0.31209788292548274,55.81134967764155,5.6762691647930055,0.3492924796217795,False
1120067000,성수2가1동,성동구,34.307500600943115,3091,False,38.00680159081845,10.105208431449862,0.2378636253526804,53.80673318025335,8.196406268356153,0.33674668972227534,False
1120069000,성수2가3동,성동구,24.6296509658863,1886,False,48.58548798708036,4.649122866784398,0.3040697935215856,58.94296444318275,4.619235012526407,0.3688915305853198,False
1120072000,송정동,성동구,22.07393358669192,1956,False,56.42258743677729,2.4367464188023793,0.35311787989896565,64.86170916562361,2.833416252461235,0.40593369194301027,False
1120079000,용답동,성동구,31.334931272202972,2332,False,61.155351721105276,1.9760615691793197,0.38273764329631227,65.36655901319367,3.8639661374689287,0.40909326891280123,False
1120053500,왕십리도선동,성동구,54.77762290763693,4187,False,59.147637841248304,4.554196093376678,0.3701724685869243,62.68997302778292,8.220896338525222,0.39234199231467304,False
1120061500,금호2·3가동,성동구,54.29935389680776,4207,False,41.75058518127905,13.96092013438229,0.2612939036210301,49.89325971949932,15.09765150080134,0.3122544160729891,False
1120064500,옥수동,성동구,59.054608245147605,4569,False,35.269346344379294,19.011014945161413,0.22073140159523502,45.29193485975151,19.13711948424658,0.2834572595969379,False
1121571000,화양동,광진구,31.293113622828088,2415,False,45.36638194936725,6.914284690918839,0.28392318290255053,65.38325687758243,3.8535842470318644,0.40919777164370497,False
1121573000,군자동,광진구,41.6934848855456,3366,False,56.14942356180818,4.716444572039669,0.35140829774798465,68.74033364619366,3.7346536004836817,0.4302078650308327,False
1121574000,중곡1동,광진구,33.54474756874388,2775,False,65.12049472252144,0.7853210727112672,0.4075532881251711,73.63768587341613,1.3619338911370622,0.46085769365723234,False
1121575000,중곡2동,광진구,41.68987138891147,3733,False,62.178186189920346,2.202652420575557,0.38913900054566336,75.66770344500773,0.8463183652562316,0.4735624548814726,False
1121576000,중곡3동,광진구,37.53152651712003,3193,False,72.31307973034752,0.0,0.45256771380712985,77.79149966515384,0.0,0.4868541249849709,False
1121577000,중곡4동,광진구,66.90878472015054,5855,False,70.50000894762903,0.0,0.4412207029736104,80.78270382886156,0.0,0.5055744233728634,False
1121578000,능동,광진구,20.615926538387704,1743,False,52.19434876893324,3.147487275369691,0.32665566428772785,72.13626816463608,1.146548323139312,0.45146114765938616,False
1121585000,구의1동,광진구,44.64103781277045,3575,False,45.399772886847245,9.848632865007454,0.28413215837826733,71.46588095521913,2.7819651994980004,0.44726556357055025,False
1121586000,구의2동,광진구,60.02558493921002,4920,False,57.58700995618046,5.9272861908222465,0.36040535872681967,77.0074281295954,0.41436191867067335,0.48194705335101284,False
1121587000,구의3동,광진구,59.462753742934275,4748,False,48.88547298370493,11.045882365367246,0.3059472342917074,72.79898219464839,2.9129344878745664,0.45560870954706933,False
1121581000,광장동,광진구,59.640576945416015,4301,False,62.096091230954954,3.2000261056622676,0.3886252134405836,79.23107706093234,0.0,0.4958636465443532,False
1121582000,자양1동,광진구,47.73100492466072,3934,False,41.45475604651453,12.413332545762886,0.25944247209996696,66.3975080386593,5.3937128271839745,0.4155454107002414,False
1121583000,자양2동,광진구,51.35512146142733,4541,False,39.79206499413574,14.209728235215524,0.24903660512336181,65.19213050282556,6.4222693901329455,0.4080016169951337,False
1121584000,자양3동,광진구,65.58270177281912,4829,False,36.53460557767094,20.282764808910635,0.2286499618435251,59.125895441432576,12.179915442669715,0.37003639488886064,False
1121584700,자양4동,광진구,50.182012138220514,4172,False,35.54906832403928,16.014355331880434,0.22248202730926053,56.21544747925101,10.78024511925581,0.35182150506103393,False
1123071000,회기동,동대문구,22.986416648213904,1553,False,80.30333856868663,0.0,0.5025743403908509,88.9990540158777,0.0,0.5569960311074897,False
1123072000,휘경1동,동대문구,30.24199843122694,2205,False,86.91760709714048,0.0,0.5439694019425244,89.92043600677933,0.0,0.5627624532087242,False
1123073000,휘경2동,동대문구,54.8289631484916,4369,False,84.84232385413993,0.0,0.5309813478271519,85.54814534927112,0.0,0.5353986955821998,False
1123070500,청량리동,동대문구,76.97816328435451,5766,False,75.0181001155947,0.0,0.46949694564344496,84.019582708791,0.0,0.5258322644165976,False
1123053600,용신동,동대문구,88.26736267581595,6754,False,67.57244658297233,0.0,0.4228987035325542,69.49536768116847,7.240015047198507,0.4349332069513998,False
1123054500,제기동,동대문구,77.45466485269162,5786,False,72.08956204788231,0.0,0.45116883981467976,77.7005889123606,0.0,0.48628516468476596,False
1123056000,전농1동,동대문구,82.88496774591289,6346,False,73.31448576119651,0.0,0.45883496227260767,77.63747942505934,0.049944445764395336,0.48589019718381077,False
1123057000,전농2동,동대문구,52.235146247831054,4058,False,77.73166794619321,0.0,0.4864796712296595,80.65424324839893,0.0,0.5047704593952387,False
1123061000,답십리2동,동대문구,77.43569242129513,6121,False,71.10758726033481,0.0,0.4450232007923369,73.16667423485272,3.5086598021411763,0.4579098913891493,False
1123065000,장안1동,동대문구,81.82635337836975,7322,False,68.37853807339,0.0,0.4279435859286307,71.92888026791347,4.720445070028751,0.45016322110666557,False
1123066000,장안2동,동대문구,66.64268202216998,5918,False,78.76355703181169,0.0,0.49293769633552287,78.85033148320288,0.0,0.4934807698047959,False
1123074000,이문1동,동대문구,48.44055289573713,3351,False,87.61894528547003,0.0,0.5483586911510815,94.48911415310126,0.0,0.5913552918972663,False
1123075000,이문2동,동대문구,54.68829118310818,4343,False,90.18500124376035,0.0,0.564418221223305,100.1434965640472,0.0,0.6267429552391599,False
1123060000,답십리1동,동대문구,55.865947623786454,4477,False,68.25491604941611,0.0,0.42716990380950787,71.6553204718613,3.375653235438302,0.44845116110382055,False
1126052000,면목2동,중랑구,62.447579314249545,5189,False,90.4325687306955,0.0,0.5659676096879231,89.66726667959159,0.0,0.5611780059131769,False
1126054000,면목4동,중랑구,47.2455514495698,4193,False,79.28858537030236,0.0,0.49622355935948365,81.35249866831418,0.0,0.509140455255225,False
1126055000,면목5동,중랑구,29.633719203422665,2624,False,87.38905834462078,0.0,0.5469199554805468,84.4414153339222,0.0,0.5284722823424938,False
1126057000,면목7동,중랑구,56.10214133846449,4819,False,88.41853837380806,0.0,0.5533629036298546,83.92042267355298,0.0,0.5252116764038058,False
1126058000,상봉1동,중랑구,51.400531995458834,4454,False,101.08682005014077,0.0,0.6326466970666952,99.02766672867862,0.0,0.6197595912409231,False
1126059000,상봉2동,중랑구,39.07393443569618,3345,False,96.62857196149464,0.0,0.6047449792503976,94.11845780253046,0.0,0.589035558070254,False
1126060000,중화1동,중랑구,45.64761638887386,4163,False,98.01704676649548,0.0,0.6134346778570844,99.97302475587604,0.0,0.625676066139978,False
1126061000,중화2동,중랑구,67.64341493218926,5493,False,91.71712215686388,0.0,0.5740069216562692,97.51798227381012,0.0,0.6103113082351688,False
1126062000,묵1동,중랑구,79.82525635452944,6608,False,91.58449487668588,0.0,0.5731768806014221,105.78515931859438,0.0,0.662051013261542,False
1126063000,묵2동,중랑구,46.01110085648814,4019,False,90.92272580506388,0.0,0.569035232687531,104.98335606629425,0.0,0.6570329685845663,False
1126066000,망우3동,중랑구,46.1540082413055,3811,False,107.14468215289152,0.0,0.6705595174392204,91.28975163773401,0.0,0.5713322451038059,False
1126068000,신내1동,중랑구,98.63016559119028,7854,False,109.84056564951517,0.0,0.6874315665250417,102.66434342385,0.0,0.6425195464789887,False
1126069000,신내2동,중랑구,59.081917357714886,4674,False,99.11926099507596,0.0,0.6203328292760871,103.17102458180081,0.0,0.6456905846112052,False
1126056500,면목본동,중랑구,79.68387609852093,6771,False,97.0447494646095,0.0,0.6073496048841693,89.50897888551032,0.0,0.5601873698434913,False
1126057500,면목3·8동,중랑구,65.61299357596948,5658,False,100.70865851062676,0.0,0.6302799923982475,87.63587676850885,0.0,0.5484646559723672,False
1126065500,망우본동,중랑구,90.92115862667572,7613,False,112.14098859326305,0.0,0.7018286459513868,97.76962360773915,0.0,0.611886192662997,False
1129058000,돈암1동,성북구,40.98604178208501,3184,False,69.32284478872164,0.0,0.4338534812461027,86.7438210327719,0.0,0.5428817707403117,False
1129059000,돈암2동,성북구,53.109921553143266,3924,False,67.16042194273518,0.1599605233820795,0.4203200683788632,82.85722088031639,0.0,0.5185576823176047,False
1129060000,안암동,성북구,31.608246776395298,2205,False,68.84274566653347,0.0,0.43084880542618564,78.19678303643592,0.0,0.4893905702514308,False
1129061000,보문동,성북구,35.04007279782755,2721,False,62.21637062849917,1.8379355506565629,0.38937797590302703,72.95238874022141,1.6627734738341509,0.4565687965724307,False
1129062000,정릉1동,성북구,45.288773230849074,3413,False,71.41597719320384,0.0,0.4469532434263958,87.6962284051175,0.0,0.5488423636057074,False
1129063000,정릉2동,성북구,63.180134924112984,4932,False,72.75457726565627,0.0,0.455330803568363,85.79418624130447,0.0,0.5369385299306444,False
1129064000,정릉3동,성북구,48.66641723417917,3544,False,76.32436167695396,0.0,0.47767211686645117,84.24024681452768,0.0,0.527213279444929,False
1129065000,정릉4동,성북구,68.16488741028701,5290,False,75.12607057224076,0.0,0.4701726732283471,85.48183044952256,0.0,0.5349836671712612,False
1129066000,길음1동,성북구,65.74592236815361,5067,False,73.7967076010202,0.0,0.4618529230123615,90.57247259442468,0.0,0.5668431908690429,False
1129068500,길음2동,성북구,39.147231003245466,3299,False,74.48894531576212,0.0,0.46618525737206584,91.84800105399246,0.0,0.5748260205451555,False
1129071500,월곡1동,성북구,65.32176984519904,5268,False,76.15834677348153,0.0,0.4766331210775483,93.99370341484305,0.0,0.5882547891107016,False
1129072500,월곡2동,성북구,52.59390861510073,3938,False,78.92177205772478,0.0,0.49392787698934687,94.27830962703403,0.0,0.5900359825444051,False
1129076000,장위1동,성북구,53.17294059626461,4480,False,80.12958128324932,0.0,0.5014868893001088,100.61823267046664,0.0,0.6297140668989746,False
1129077000,장위2동,성북구,41.889934756609534,3332,False,81.55400255106218,0.0,0.5104015570071982,102.2504284187142,0.0,0.6399290805731898,False
1129078000,장위3동,성북구,27.68400603363559,2428,False,80.99106678095008,0.0,0.5068784522597597,105.12038382654283,0.0,0.6578905498190409,False
1129052500,성북동,성북구,48.17925099811126,3170,False,64.32741112839615,1.5100333437692144,0.40258981498324936,77.96647188043444,0.0,0.48794917965204626,False
1129055500,삼선동,성북구,60.05574892116823,4232,False,59.85849068579547,4.5661099995040315,0.3746213047851564,75.42671130209703,1.3638814723814854,0.472054217871387,False
1129057500,동선동,성북구,32.8187224271736,2270,False,65.26838630078169,0.7197878636153144,0.40847886000945743,81.96946952760592,0.0,0.5130017358467375,False
1129070500,종암동,성북구,106.51918032164448,7427,False,73.12531700245688,0.0,0.4576510592638329,86.97567689915125,0.0,0.544332828830651,False
1129081000,석관동,성북구,97.12502790601904,7882,False,87.72119412620863,0.0,0.5489986102952399,102.78717376296117,0.0,0.6432882738788587,False
1130559500,번1동,강북구,46.07827313963757,3610,False,102.56834899155866,0.0,0.6419187702304552,98.21595649402401,0.0,0.6146795442211953,False
1130560300,번2동,강북구,55.84679318759875,4350,False,94.1583316031347,0.0,0.589285106213516,100.03754435373709,0.0,0.6260798587458054,False
1130560800,번3동,강북구,67.01781607604731,5047,False,86.71644962206742,0.0,0.542710468165281,102.30049958192899,0.0,0.6402424483891961,False
1130561500,수유1동,강북구,62.50380197479146,4836,False,79.80160341088268,0.0,0.4994342565477796,89.97643391379971,0.0,0.5631129132479412,False
1130562500,수유2동,강북구,74.25622262695946,5457,False,92.9355392747999,0.0,0.5816323229195536,100.39694909558581,0.0,0.6283291749546634,False
1130563500,수유3동,강북구,65.59990323468307,5166,False,96.77573735531047,0.0,0.6056660063464514,97.6865313130229,0.0,0.6113661637830912,False
1130553400,삼양동,강북구,65.12132917635763,5331,False,81.43896305238088,0.0,0.5096815881839943,92.30154055108221,0.0,0.5776644743087698,False
1130553500,미아동,강북구,63.97430155439753,4986,False,89.36451227441698,0.0,0.5592832329411801,96.37100209983458,0.0,0.6031329914347522,False
1130554500,송중동,강북구,77.78955096048554,6545,False,80.18514164295824,0.0,0.5018346109718386,97.0894240128288,0.0,0.6076291982610297,False
1130555500,송천동,강북구,82.84291671641279,6608,False,79.49477857039507,0.0,0.4975140089644031,94.29470022697798,0.0,0.5901385622764843,False
1130557500,삼각산동,강북구,63.78050481000939,5054,False,78.27381778516803,0.0,0.4898726882893764,92.4661535832495,0.0,0.5786946965577545,False
1130564500,우이동,강북구,72.73759034009899,5283,False,51.82689803710721,11.372312440462208,0.3243559926618011,158.2525026622342,0.0,0.9904152001432103,False
1130566000,인수동,강북구,100.1761334412405,7628,False,71.79017415441396,0.0,0.44929513598414517,93.20155557522003,0.0,0.5832971723405089,False
1132066000,쌍문1동,도봉구,66.96707555794671,5090,False,98.19658180740218,0.0,0.6145582887351495,106.56750038959375,0.0,0.6669472548714954,False
1132067000,쌍문2동,도봉구,57.7705754103788,4375,False,126.67559921601656,0.0,0.792792763717427,118.89688044130939,0.0,0.7441100498108248,False
1132068000,쌍문3동,도봉구,47.54960814444837,3791,False,114.52155173521004,0.0,0.7167272787124574,104.15969136981884,0.0,0.6518781051764866,False
1132068100,쌍문4동,도봉구,44.054037384392196,3677,False,119.46194647005197,0.0,0.7476464866730317,113.86296936452884,0.0,0.7126055746035426,False
1132069000,방학1동,도봉구,79.23904633402485,6612,False,124.59013675104944,0.0,0.7797410034616034,136.29237935371316,0.0,0.8529788907269874,False
1132070000,방학2동,도봉구,60.091383159394766,4899,False,112.05739623534838,0.0,0.7013054874515102,162.26505841765842,0.0,1.0155275752699173,False
1132071000,방학3동,도봉구,76.68405664074163,5966,False,105.91529909595722,0.0,0.6628654864071486,138.54997020010313,0.0,0.8671079076610266,False
1132051100,창1동,도봉구,68.99565619003242,5233,False,121.02186572517138,0.0,0.7574091616088197,107.72469254835258,0.0,0.6741894828567769,False
1132051200,창2동,도봉구,75.1153922374631,5989,False,113.90074797221905,0.0,0.7128420100890305,101.6276473191062,0.0,0.6360314368896005,False
1132051300,창3동,도봉구,39.35491332888566,3224,False,106.73585642596947,0.0,0.668000902521026,103.47608727133186,0.0,0.6475998038628779,False
1132051400,창4동,도봉구,66.22135180228236,4991,False,123.60805482469353,0.0,0.7735946939165036,116.12798392288856,0.0,0.7267810524595428,False
1132051500,창5동,도봉구,63.978825947704486,5034,False,128.18898833161603,0.0,0.802264232153033,117.76336231634026,0.0,0.7370159845561135,False
1132052100,도봉1동,도봉구,81.6088214298064,6332,False,78.47884049023685,0.0,0.4911558124110089,280.2371777754591,0.0,1.7538500551011207,False
1132052200,도봉2동,도봉구,92.85315272909332,7338,False,104.3696194328072,0.0,0.6531919292299618,225.2468660926182,0.0,1.4096959998092315,False
1135056000,월계1동,노원구,57.312768462257914,4519,False,83.12305005746559,0.0,0.5202213606371322,107.39112707895642,0.0,0.6721018804140024,False
1135057000,월계2동,노원구,79.79805699310629,6482,False,99.47989523647742,0.0,0.6225898402450603,106.80554530154089,0.0,0.6684370467872189,False
1135058000,월계3동,노원구,86.18222680087754,6783,False,84.38557674758161,0.0,0.5281228194036091,109.04389499378316,0.0,0.6824456439413773,False
1135060000,공릉2동,노원구,77.58827335124943,6441,False,97.22735768316632,0.0,0.6084924490874978,107.18462824455297,0.0,0.6708095180123693,False
1135061100,하계1동,노원구,68.06706712201643,5056,False,81.10307165146615,0.0,0.5075794290176816,112.65763352187732,0.0,0.705062041833085,False
1135061200,하계2동,노원구,50.11734314444473,3668,False,88.0476172523799,0.0,0.5510415127479632,110.87328578612794,0.0,0.6938947927210806,False
1135061900,중계본동,노원구,36.91269479413555,2784,False,112.08065378004139,0.0,0.7014510436063544,118.02141291992763,0.0,0.7386309810705418,False
1135062100,중계1동,노원구,35.49872984540467,2825,False,108.69922472432604,0.0,0.6802885426749513,121.62878221489362,0.0,0.7612075174422275,False
1135062400,중계4동,노원구,60.10058735562025,4313,False,125.28840597647415,0.0,0.7841110857226652,132.6891017681561,0.0,0.8304279621095235,False
1135063000,상계1동,노원구,99.12987792372012,8176,False,98.32415889849966,0.0,0.6153567234397348,211.31935374758638,0.0,1.322531375587503,False
1135064000,상계2동,노원구,47.86535650215665,3872,False,113.98870539753567,0.0,0.7133924871401579,127.86360376015958,0.0,0.8002278294419151,False
1135067000,상계5동,노원구,75.47840281185145,5609,False,121.76066647450303,0.0,0.7620329083408194,142.22111335621227,0.0,0.8900835694834031,False
1135070000,상계8동,노원구,42.57126278536393,3306,False,117.77141655001202,0.0,0.7370663915659227,144.85605259102087,0.0,0.9065742020213171,False
1135071000,상계9동,노원구,50.77661825442192,3972,False,111.34082421314966,0.0,0.6968208580722345,153.53577955208536,0.0,0.9608958296146517,False
1135072000,상계10동,노원구,39.2451685839362,3135,False,116.75191938435428,0.0,0.730685920657823,128.35512789548326,0.0,0.8033040081226458,False
1135066500,상계3·4동,노원구,87.29488638775922,6774,False,132.63953456297858,0.0,0.8301177482891381,184.6558582798152,0.0,1.1556592518865978,False
1135069500,상계6·7동,노원구,75.71375235407828,5628,False,110.10166214958406,0.0,0.6890656256269337,117.52651490103077,0.0,0.7355336871118966,False
1135062500,중계2·3동,노원구,113.50179979475344,8024,False,96.22320247896097,0.0,0.6022079950610704,114.95004438369425,0.0,0.7194089780541366,False
1135059500,공릉1동,노원구,85.3936730642699,7360,False,83.6229773214136,0.0,0.5233501298689016,109.43861828105813,0.0,0.6849159994617701,False
1138051000,녹번동,은평구,100.9779471719997,7773,False,102.07529268098472,0.0,0.6388330025092253,68.06036608027135,9.731619284673991,0.42595232277042866,False
1138052000,불광1동,은평구,115.88488011215614,8500,False,104.40025052616184,0.0,0.6533836323622667,66.99248029134284,12.405773866468339,0.4192690141365734,False
1138055100,갈현1동,은평구,40.10123842157509,3246,False,86.7645101115752,0.0,0.5430112522826509,83.96795212898301,0.0,0.5255091370715396,False
1138055200,갈현2동,은평구,71.43674580759307,5665,False,90.4465288499259,0.0,0.5660549783806705,83.48380109821848,0.0,0.5224791025888771,False
1138056000,구산동,은평구,85.97901259420021,6871,False,85.37521359769086,0.0,0.5343164110529116,85.02232611856363,0.0,0.53210788279972,False
1138057000,대조동,은평구,73.27836490186056,5502,False,101.68914322111344,0.0,0.6364163058494582,74.36411639970191,2.442822645129484,0.465404021980501,False
1138058000,응암1동,은평구,74.29888423864708,5792,False,93.81488940988683,0.0,0.5871356907992827,69.02484219664906,6.443864046963271,0.4319884472535553,False
1138059000,응암2동,은평구,54.854318877179175,4369,False,85.68422495138422,0.0,0.5362503428174408,69.0880081616524,4.722808094379742,0.43238376821732255,False
1138063100,신사1동,은평구,69.03189489474497,5657,False,81.27072649285964,0.0,0.5086286882742515,81.17735161699169,0.0,0.5080443063857167,False
1138063200,신사2동,은평구,51.92978565288986,4241,False,79.57730898528176,0.0,0.49803052134811154,81.88542118768744,0.0,0.5124757236067937,False
1138064000,증산동,은평구,44.94616481744797,3666,False,72.15443579524762,0.0,0.45157484884708027,78.9455914255754,0.0,0.4940769492857099,False
1138065000,수색동,은평구,41.30570304469619,3305,False,66.83455853724651,0.25900784593830456,0.4182806689094264,87.79672658566405,0.0,0.5494713263325243,False
1138069000,진관동,은평구,118.71973433391248,9396,False,70.51871318686894,0.0,0.44133776249898077,102.54021560148755,0.0,0.6417426988465006,False
1138053000,불광2동,은평구,82.6804393887129,6568,False,97.19359235189366,0.0,0.6082811304873635,73.67563488722124,3.3254916737821913,0.46109519562068146,False
1138060000,응암3동,은평구,83.86472690400241,6093,False,81.60477016472797,0.0,0.5107192835227587,71.61335769333674,5.102648063242294,0.44818853919900503,False
1138062500,역촌동,은평구,117.24887825383706,9460,False,90.67173491378327,0.0,0.5674644190217758,77.91077055441068,0.0,0.48760057574983934,False
1141052000,천연동,서대문구,51.452220420534275,3435,False,42.82215348655915,12.677547264949157,0.2680002590952705,58.83979108598173,9.70283188245647,0.3682458254021304,False
1141062000,홍제1동,서대문구,67.69971759779274,5151,False,71.89442789219112,0.0,0.4499476026739556,62.42756361308499,10.337864238570013,0.39069971640367396,False
1141064000,홍제3동,서대문구,59.08080685195589,4156,False,73.83969792481133,0.0,0.46212197575671327,66.28583073955353,6.742246277477661,0.41484648403124985,False
1141065500,홍제2동,서대문구,39.91321460242897,2957,False,66.63078247955816,0.33160980771008614,0.41700534686671237,64.10488597068797,5.425343789498797,0.4011971526562665,False
1141066000,홍은1동,서대문구,67.28623377824646,4951,False,89.43772137992389,0.0,0.5597414083865169,66.88851664852395,7.273117254363876,0.4186183629912334,False
1141068500,홍은2동,서대문구,78.23655866410101,5766,False,83.36036308971141,0.0,0.5217065721211489,63.83083273330396,10.84898866716509,0.39948200447606425,False
1141069000,남가좌1동,서대문구,32.52447176346157,2391,False,64.44195448967243,0.9821268705775354,0.40330667875585996,66.79197887130427,3.5470402130390757,0.4180141862462345,False
1141070000,남가좌2동,서대문구,71.57169703020398,5256,False,73.13833364367738,0.0,0.4577325232476734,65.07367991169968,9.035251869888771,0.40726030002419517,False
1141071000,북가좌1동,서대문구,43.24398195027378,3292,False,64.57825243283743,1.2468784487616211,0.40415969246741557,74.39844011934909,1.4267473340992674,0.46561883522573977,False
1141072000,북가좌2동,서대문구,88.26128360816463,6930,False,73.40815300536893,0.0,0.4594211739332339,72.1916814713313,4.859715258318838,0.45180794900734517,False
1141056500,충현동,서대문구,50.82110642462912,3659,False,33.12354260463912,17.450985566974396,0.20730199855508968,54.92825759582279,11.571701344517932,0.34376569295966797,False
1141055500,북아현동,서대문구,32.89882453284932,2454,False,31.789679407940636,11.735645718195146,0.19895408390794234,52.909329262284764,8.155094755881716,0.33113033316505125,False
1141058500,신촌동,서대문구,33.40729792101426,2181,False,46.497730319329264,7.003465603875483,0.2910036688564388,56.231855879058465,7.17117084704902,0.35192419619264914,False
1141061500,연희동,서대문구,89.56021064001689,6241,False,65.21239796944259,2.0143986654346855,0.4081284598991524,59.35279975090864,16.429764414198505,0.3714564639133786,False
1144059000,용강동,마포구,46.44468210946592,3199,False,26.65107768712691,18.954321809639463,0.16679440765537523,52.17476691428601,11.854062306752693,0.32653311225118276,False
1144060000,대흥동,마포구,28.139387816837832,2023,False,33.22651233222199,9.633546786939482,0.20794642933272078,54.13622314040266,6.630065751714526,0.33880878579871443,False
1144061000,염리동,마포구,30.360291032665877,2210,False,30.545840140513114,11.20773504192192,0.19116957942130838,51.515619757983835,7.948966983743303,0.32240787346032324,False
1144063000,신수동,마포구,48.321938659780926,3604,False,30.119950346275072,18.044213674471845,0.18850416990990557,55.62926496559596,10.663913504580268,0.3481529117571969,False
1144066000,서교동,마포구,51.206180567089675,3416,False,40.912193032246606,13.594942182257105,0.25604686920379416,61.18973480230808,8.453117397436463,0.38295282805281305,False
1144068000,합정동,마포구,36.814181906765306,2710,False,32.70695850424571,12.79464047190424,0.20469482825302993,67.36449232443333,3.8040994802795285,0.4215972324333506,False
1144069000,망원1동,마포구,46.01686092116713,3553,False,39.90481757428782,12.680770656371902,0.24974226138382755,72.73978941376832,2.2814918309824597,0.45523825455308103,False
1144070000,망원2동,마포구,42.57443605000916,3364,False,43.56428217619428,10.17415237760592,0.2726448335715792,74.37323294575584,1.4153888393071155,0.4654610774180627,False
1144071000,연남동,마포구,34.206855631083016,2418,False,53.01894324012342,4.9403820277049375,0.3318163466433422,61.62980958048577,5.4963327246569795,0.385707013561254,False
1144072000,성산1동,마포구,40.60157743611846,3165,False,49.66635381166753,7.225154554941766,0.31083433704524344,67.07533762410806,4.3128616955433605,0.41978757251911686,False
1144073000,성산2동,마포구,89.22631080128286,6719,False,54.24089826796187,11.796352974664664,0.3394638897349399,76.22597790236016,1.3131963189435392,0.47705638704122916,False
1144074000,상암동,마포구,60.217979289404425,4560,False,46.17399915617901,12.818968842465091,0.288977613916705,90.33600561451799,0.0,0.5653632743603516,False
1144058500,도화동,마포구,58.44735925170519,4008,False,24.65633056995148,25.01855520775382,0.15431038476754086,49.62709139832504,16.406551060898064,0.31058861523791315,False
1144065500,서강동,마포구,48.734022495819005,3564,False,31.67780605206385,17.43888686621364,0.1982539302276692,59.4990773003701,8.868938896791605,0.37237193448091555,False
1144056500,공덕동,마포구,89.40153333661485,6428,False,28.392280424237043,34.928579338844514,0.1776916359983958,48.95435092650523,25.69702785475007,0.30637830337659644,False
1144055500,아현동,마포구,49.55390959386997,3819,False,29.482574646812875,18.820096640550354,0.18451518666901104,50.70766211720106,13.374637291321307,0.3173513118575596,False
1147051000,목1동,양천구,42.47651886043649,3765,False,63.726724000675475,1.586449381918698,0.39883044529356604,93.31095286724349,0.0,0.5839818297016995,False
1147052000,목2동,양천구,52.75041580843697,4789,False,58.00976147970871,4.985889179951225,0.3630511275313721,86.24130348209953,0.0,0.5397367903314588,False
1147053000,목3동,양천구,47.080988361762635,3914,False,67.38372130319277,0.036670575417068405,0.4217175760141863,90.81765528946926,0.0,0.5683776542354929,False
1147054000,목4동,양천구,44.87593828740186,3660,False,74.52319445148656,0.0,0.4663996038376358,92.71628310710034,0.0,0.5802601193994723,False
1147056000,신월1동,양천구,51.20271901994471,4810,False,112.89212688168631,0.0,0.70652960654126,127.67869149402979,0.0,0.7990705654746036,False
1147057000,신월2동,양천구,49.04146972492107,4546,False,113.06627726577432,0.0,0.7076195178198176,116.16785464929116,0.0,0.7270305813630709,False
1147058000,신월3동,양천구,38.53805936783789,3365,False,110.94156989866006,0.0,0.6943221453495849,138.94655981491294,0.0,0.8695899434969144,False
1147059000,신월4동,양천구,43.68653026073089,3802,False,117.75215134877371,0.0,0.7369458212885541,127.82979389233611,0.0,0.8000162321120539,False
1147060000,신월5동,양천구,31.091427341374107,2812,False,113.61641912358004,0.0,0.7110625525209417,128.80751390979387,0.0,0.8061352428732376,False
1147061000,신월6동,양천구,22.69066025336408,2215,False,116.27867215000927,0.0,0.7277241270277948,130.6357596461622,0.0,0.8175772253786322,False
1147061100,신월7동,양천구,58.78694846213722,4804,False,123.16701136952884,0.0,0.7708344459926454,149.26015785033596,0.0,0.9341370697073094,False
1147062000,신정1동,양천구,37.17287792595096,3042,False,95.8060585862191,0.0,0.5995973213272069,108.01566023979927,0.0,0.676010489283288,False
1147063000,신정2동,양천구,35.2576459703459,2985,False,70.48397057392293,0.0,0.44112032763143966,97.6722878913504,0.0,0.6112770220564886,False
1147064000,신정3동,양천구,102.35110114225463,8784,False,118.61770182657602,0.0,0.742362824718423,137.04092655634784,0.0,0.8576636351388746,False
1147067000,신정6동,양천구,38.073548383404216,3348,False,80.67332432877514,0.0,0.5048898773616014,102.77902214469934,0.0,0.6432372573925694,False
1147068000,신정7동,양천구,73.00384800597223,5738,False,88.17001415806226,0.0,0.5518075275268702,109.46309577728435,0.0,0.685069190620937,False
1147055000,목5동,양천구,61.86826588380751,5435,False,52.476172483165506,9.271230073330752,0.3284194436001612,85.52290026731696,0.0,0.5352407005269834,False
1147065000,신정4동,양천구,73.44293982223581,6641,False,97.8449665343033,0.0,0.6123577225183681,104.55375422138175,0.0,0.6543443273937282,False
1150051000,염창동,강서구,55.937839365014554,5097,False,56.69795304702798,6.020956907011765,0.3548412414976829,88.20326138447847,0.0,0.552015603594239,False
1150052000,등촌1동,강서구,51.456398563831925,3344,False,65.11103413429143,1.209521475219008,0.4074940795172333,92.83132954090199,0.0,0.5809801316257726,False
1150053000,등촌2동,강서구,40.77337643043949,3641,False,71.97394765693082,0.0,0.45044527305758364,93.24096500846439,0.0,0.5835438142643814,False
1150053500,등촌3동,강서구,107.82723663236725,7732,False,80.2307800845748,0.0,0.5021202368262642,97.08933609389871,0.0,0.6076286480248989,False
1150059000,화곡본동,강서구,63.22294397313826,5657,False,89.27990228490162,0.0,0.5587537056459384,101.16402539398362,0.0,0.6331298827654227,False
1150055000,화곡2동,강서구,34.96226016394086,3201,False,96.71885267705125,0.0,0.6053099964947561,101.10354895000353,0.0,0.6327513940315268,False
1150056000,화곡3동,강서구,51.00892871119858,4680,False,109.81083684598755,0.0,0.6872455103275061,118.84126580594003,0.0,0.743761988457648,False
1150057000,화곡4동,강서구,49.685428429142405,4323,False,84.91981972075797,0.0,0.5314663517478203,96.20210422127197,0.0,0.6020759526935868,False
1150059100,화곡6동,강서구,49.73172363008372,4556,False,79.1142449754999,0.0,0.4951324589085805,96.17220375583202,0.0,0.6018888221587461,False
1150059300,화곡8동,강서구,54.18365229833458,4848,False,101.58641439827218,0.0,0.6357733827618407,104.16138289240693,0.0,0.651888691484156,False
1150060300,가양1동,강서구,39.638964449404384,3703,False,92.92061231250935,0.0,0.5815389032889264,102.02805048767381,0.0,0.638537339656783,False
1150060400,가양2동,강서구,60.35684370469578,4668,False,65.77562113239946,1.0176094184513387,0.4116533632800222,95.44386080451946,0.0,0.597330525021185,False
1150060500,가양3동,강서구,50.050269565564875,4055,False,60.38313896595554,3.542793628634491,0.37790478923347864,93.07252901049378,0.0,0.5824896661792959,False
1150061100,발산1동,강서구,68.95463486481525,5648,False,113.6490274271739,0.0,0.7112666299224801,127.29948973324396,0.0,0.7966973506344887,False
1150062000,공항동,강서구,55.90343947166659,4695,False,78.17262771295367,0.0,0.4892393953939168,161.02144884598803,0.0,1.0077445083224406,False
1150063000,방화1동,강서구,87.22148737876141,7569,False,101.02571688306338,0.0,0.6322642860183245,115.23580010464232,0.0,0.7211973656296488,False
1150064000,방화2동,강서구,68.95961708368509,5417,False,92.28211798147909,0.0,0.5775429191495327,115.68124073415416,0.0,0.7239851330444333,False
1150064100,방화3동,강서구,78.21506477420182,5914,False,105.79715754130304,0.0,0.6621261035251742,107.47455046048849,0.0,0.6726239813838244,False
1150054000,화곡1동,강서구,104.11563970161706,9460,False,108.3325159059934,0.0,0.6779935142767061,115.29335558331854,0.0,0.7215575736514714,False
1150061500,우장산동,강서구,72.01303046996307,6832,False,98.07736390462274,0.0,0.613812169583442,106.43682609066252,0.0,0.6661294364499708,False
1153051000,신도림동,구로구,61.281458042597365,5389,False,69.01682930996671,0.0,0.4319382990117663,94.77973795873037,0.0,0.5931741461319628,False
1153052000,구로1동,구로구,33.98844680177951,3228,False,89.8998284420528,0.0,0.5626334818180685,106.82884086785303,0.0,0.6685828408984231,False
1153054000,구로3동,구로구,47.01071952356946,3803,False,105.24955223457795,0.0,0.6586989436993533,88.61808426656441,0.0,0.5546117514015316,False
1153055000,구로4동,구로구,63.15952029347652,4847,False,92.84501967464719,0.0,0.5810658106281589,91.46064249350452,0.0,0.5724017567909723,False
1153056000,구로5동,구로구,64.01570630718057,5244,False,74.80499871839231,0.0,0.46816326143997006,91.27784140375914,0.0,0.5712577055131672,False
1153072000,고척1동,구로구,56.658272722801414,4990,False,89.83107411755647,0.0,0.5622031863920172,116.22781463248364,0.0,0.7274058378535222,False
1153073000,고척2동,구로구,73.28893860601528,5911,False,102.69684660300274,0.0,0.6427229659645848,124.94935698233284,0.0,0.7819891649205182,False
1153075000,개봉2동,구로구,81.68032701284267,7265,False,101.25639783028684,0.0,0.633707990937173,127.86112781894798,0.0,0.8002123338903796,False
1153076000,개봉3동,구로구,54.55756785413697,4827,False,104.99794016334782,0.0,0.6571242424106305,134.156196354727,0.0,0.8396096986011664,False
1153077000,오류1동,구로구,55.3601209373763,4477,False,124.49333176521439,0.0,0.7791351544051414,144.7669778321045,0.0,0.9060167321949587,False
1153080000,항동,구로구,21.29494929402559,2025,False,149.70067280368698,0.0,0.9368940100295768,170.42024823045102,0.0,1.0665664139281725,False
1153079000,수궁동,구로구,58.969803822527325,5207,False,159.41109536636358,0.0,0.997666193370116,171.3319927297027,0.0,1.0722725202804566,False
1153059500,가리봉동,구로구,25.927687172243303,2057,False,111.66993703068701,0.0,0.6988805938209112,95.7243979998686,0.0,0.5990862527209381,False
1153053000,구로2동,구로구,75.03745649395326,5999,False,85.46178711455326,0.0,0.5348582269837053,100.81767487461323,0.0,0.6309622657407866,False
1153074000,개봉1동,구로구,83.75643800860473,7250,False,109.3285079711351,0.0,0.6842268797144949,132.83054826101443,0.0,0.8313131977562094,False
1154551000,가산동,금천구,33.133636952506166,3028,False,118.05171920320188,0.0,0.7388206513955585,101.12508785454808,0.0,0.6328861941648358,False
1154561000,독산1동,금천구,77.93512804827874,6763,False,119.12591572493216,0.0,0.7455434554281328,97.5083678657005,0.0,0.6102511369533756,False
1154562000,독산2동,금천구,44.45402198029575,3981,False,113.50009203862686,0.0,0.7103345254048595,89.94191486226372,0.0,0.5628968775280591,False
1154563000,독산3동,금천구,60.52905579502614,5213,False,108.71346149035841,0.0,0.6803776427475703,83.29598429075527,0.0,0.521303660698072,False
1154564000,독산4동,금천구,33.98952486299292,3249,False,112.6356762709743,0.0,0.7049246235004718,86.35697786691158,0.0,0.5404607325570652,False
1154567000,시흥1동,금천구,86.55700341465067,6944,False,114.12409834478706,0.0,0.7142398369810394,97.58421858883118,0.0,0.6107258448276063,False
1154568000,시흥2동,금천구,57.099771036938584,4672,False,92.57677396310972,0.0,0.5793870085516635,92.39022879308352,0.0,0.5782195251387688,False
1154569000,시흥3동,금천구,29.68722530852722,2618,False,116.13166614562111,0.0,0.7268040974623281,108.00593539309169,0.0,0.6759496268271737,False
1154570000,시흥4동,금천구,53.92545440866842,4743,False,108.98316695074273,0.0,0.6820655805876206,87.3924867515265,0.0,0.5469414119899517,False
1154571000,시흥5동,금천구,62.63795042688169,4798,False,105.17342569303658,0.0,0.6582225096296955,95.96285040385183,0.0,0.6005785949047439,False
1156054000,여의동,영등포구,102.43440228730654,6719,False,24.576198975646378,43.92941403164052,0.1538088852798464,58.99673350281751,19.156261122194735,0.36922804149708294,False
1156055000,당산1동,영등포구,46.66133582676144,3671,False,34.123513072483235,15.556001174457025,0.2135602626228685,80.27675677245774,0.0,0.5024079795776613,False
1156056000,당산2동,영등포구,65.5698179634559,5129,False,25.53085361702471,27.493920362417825,0.15978354256363292,73.38934557160846,2.8250043963474396,0.4593034685702305,False
1156061000,양평1동,영등포구,33.29191825555687,2536,False,45.35128462385801,7.360951313886316,0.2838286970624259,86.58489824844365,0.0,0.5418871606166176,False
1156062000,양평2동,영등포구,35.9146647718551,2904,False,37.57687274016564,10.733003057698882,0.2351729376131287,77.23544325753505,0.1660312366927093,0.483374074376115,False
1156063000,신길1동,영등포구,51.96684854723608,3780,False,37.43924045450489,15.60167909912274,0.23431157298725738,65.98583316013818,6.086307314289443,0.4129689645123751,False
1156065000,신길3동,영등포구,39.6348869231458,3442,False,56.27626123926812,4.433300170915802,0.3522021048701084,77.69488502540943,0.0011303645716622328,0.4862494671997891,False
1156066000,신길4동,영등포구,31.51669571081665,2605,False,49.52912692898753,5.651725993780179,0.3099755096132083,71.86158405049487,1.8393625565069682,0.44974205116924115,False
1156067000,신길5동,영등포구,25.534413336072095,2193,False,65.17472850503825,0.5839416688308832,0.40789270748134104,78.41012929539967,0.0,0.4907257869097251,False
1156068000,신길6동,영등포구,43.78919286108872,3543,False,62.54419190897336,2.1532975122883187,0.3914296286330001,71.92248917206742,2.528934395954239,0.4501232227599411,False
1156069000,신길7동,영등포구,34.40536109589476,2845,False,46.39513242995748,7.247997537221192,0.29036156520924844,66.74309307959066,3.7689847868810937,0.41770823701718796,False
1156070000,대림1동,영등포구,43.252459356083655,3338,False,77.90459963974877,0.0,0.4875619553958031,79.16846250886263,0.0,0.49547177657025016,False
1156071000,대림2동,영등포구,39.49879524927584,2955,False,90.06264518750187,0.0,0.5636524620984297,83.32885601109103,0.0,0.5215093866798272,False
1156072000,대림3동,영등포구,61.96367387844347,5012,False,71.99624898843156,0.0,0.4505848448010329,84.91987075826462,0.0,0.5314666711634474,False
1156051500,영등포본동,영등포구,55.31641895066878,4532,False,41.68823156875035,14.256909764173994,0.2609036667237087,73.30660572423696,2.429016555963238,0.4587856454640193,False
1156053500,영등포동,영등포구,43.191149645979834,3609,False,29.32008872138867,16.47376135577067,0.18349827680886843,73.40965620252811,1.8520713807376947,0.45943058161583117,False
1156058500,도림동,영등포구,45.37260200154152,3520,False,54.41557160822777,5.91932689060346,0.3405570739080104,80.67159067427654,0.0,0.5048790273735235,False
1156060500,문래동,영등포구,65.49674884902682,5071,False,49.97214432698349,11.455031138592465,0.31274811135739417,86.20723623766999,0.0,0.5395235822232621,False
1159052000,노량진2동,동작구,24.81196931350844,1901,False,32.114988714236794,8.770192725146224,0.20099001557590102,54.77421834168666,5.687776407356847,0.3428016461601,False
1159053000,상도1동,동작구,105.48691230746674,7847,False,27.49280842280421,42.16185423796687,0.17206233644650373,49.17841581697689,30.084151294198147,0.30778060204238883,False
1159054000,상도2동,동작구,62.76925659308745,4680,False,32.92239278144705,21.680009624030284,0.20604311266675243,54.00588130429716,14.871201673769075,0.33799304807879355,False
1159055000,상도3동,동작구,62.478517404837945,4993,False,48.37322630970693,11.926138870305923,0.30274136466174484,60.25920403911841,10.895336831672632,0.37712914882777765,False
1159056000,상도4동,동작구,72.33690729572984,5786,False,39.46644176050971,20.25083860036385,0.2469987087572529,56.163467958934,15.577224210541353,0.3514961938896333,False
1159062000,사당1동,동작구,46.601789445833134,4085,True,18.83861459245096,22.659185751184236,0.11790050664681036,41.02165907076968,17.091708599069456,0.25673195681143923,False
1159064000,사당3동,동작구,57.33367979197911,4987,True,17.146028116903413,28.847774367464808,0.10730754069216095,42.12604398809821,20.39456055019022,0.2636436933750349,False
1159065000,사당4동,동작구,36.74536581010493,3001,False,17.48686422260162,18.363402998051825,0.10944064604065337,44.76861729821891,12.09992548103348,0.28018210338313704,False
1159065100,사당5동,동작구,31.861798844320443,2567,False,20.551785915871623,14.946313657391364,0.12862230181984935,46.174738098444465,10.043794489797177,0.28898223854910843,False
1159066000,대방동,동작구,80.26136710520191,5980,False,40.22691947082095,21.85893461680857,0.2517581196417046,61.64262716584702,12.886050618159592,0.38578723176417246,False
1159067000,신대방1동,동작구,53.908781632602896,4312,False,80.82911771494784,0.0,0.5058649023068723,75.66571769429011,1.0954368334737772,0.47355002716209155,False
1159068000,신대방2동,동작구,48.16855525780446,3627,False,61.75082278345084,2.750803498742153,0.38646436850742144,67.2743690351633,5.020785742879015,0.421033200433361,False
1159060500,흑석동,동작구,74.1627176795851,5370,True,18.994811199574755,35.944294858892846,0.11887805512979635,43.37488360080322,25.45476084294847,0.2714594922670367,False
1159051000,노량진1동,동작구,84.93978577663441,6308,False,25.844750070988916,35.34927132271793,0.16174804747854565,48.20711087351056,25.049274629599317,0.30170173969392705,False
1159063000,사당2동,동작구,76.28334004619288,6151,True,15.848418242046344,39.372266264927426,0.09918651560696924,38.94596739022535,29.561144161606084,0.24374134651057283,False
1162052500,보라매동,관악구,62.23854777271713,4944,False,56.06871332763424,7.09077318317359,0.3509031768722435,62.35874646130076,9.546764934915377,0.39026902777625216,False
1162054500,청림동,관악구,41.77662759186145,2997,False,25.003811196069346,17.73743631888675,0.15648507450750002,47.913371492417554,12.442903445702767,0.29986338678941654,False
1162057500,행운동,관악구,55.99546865484514,4691,False,24.217856193305654,24.21454237862692,0.15156621529029582,51.14297204113781,14.8694650714845,0.32007567676924975,False
1162058500,낙성대동,관악구,27.590990471595138,2138,False,24.428602397230208,11.873232914297697,0.1528851596370077,60.43819790734006,4.76207777791211,0.378249372804251,False
1162061500,중앙동,관악구,31.64643726143753,2531,False,35.89304559063072,9.990325800511545,0.22463479145266882,55.46669474968918,7.0353328284615015,0.347135474369377,False
1162062500,인헌동,관악구,52.42897293771922,4368,False,18.509556245929648,25.665058800410037,0.11584111180220374,52.14346281456377,13.397843480799668,0.32633719714292136,False
1162063000,남현동,관악구,37.05607948941731,3123,False,25.420520711815687,15.578779313050505,0.15909302971513656,51.81389172654072,9.591538267920866,0.3242745933318307,False
1162064500,서원동,관악구,43.200606917370536,3575,False,65.55757359413525,0.8225551062949327,0.4102887239054929,66.159874097922,4.984426785549978,0.4140581908268314,False
1162065500,신원동,관악구,43.829755763745986,3463,False,75.58716826495204,0.0,0.473058429572984,69.91188682998548,3.4125191000109516,0.4375399707573381,False
1162066500,서림동,관악구,47.21355641838247,3882,False,57.82465610284853,4.549948471840201,0.36189265499042367,68.17726076052769,4.494955405931469,0.4266839021527078,False
1162068500,신사동,관악구,45.77016574526047,3790,False,77.96632243538211,0.0,0.48794824435782386,71.70046773933366,2.7449600665551634,0.44873371296996695,False
1162069500,신림동,관악구,24.69532796777544,2075,False,67.53949787753015,0.0,0.422692495743445,66.29422313881193,2.8161351401871793,0.4148990074331005,False
1162071500,난향동,관악구,35.83172891740293,3027,False,98.09202625688803,0.0,0.6139039331657493,82.86902314199206,0.0,0.5186315461691269,False
1162072500,조원동,관악구,39.23088449256625,3223,False,97.11486109847566,0.0,0.6077883949615442,79.69647041699281,0.0,0.49877628707852373,False
1162073500,대학동,관악구,42.62434394044911,3381,False,37.73083667122749,12.67254690520557,0.23613651300708582,80.36382754810082,0.0,0.5029529075771205,False
1162060500,은천동,관악구,77.67897341115531,6382,False,46.060230207835836,16.624371800172565,0.2882655967678585,58.91751995387916,14.588279781643669,0.36873228754939796,False
1162056500,성현동,관악구,72.9796043089546,5887,False,33.94182610582493,24.462605352233084,0.21242318402746477,52.6567848218194,18.274787792123163,0.32954979669112006,False
1162059500,청룡동,관악구,59.67230271325208,4993,False,44.02687848611414,13.984043684563106,0.27553996893542665,61.67570997240176,9.560712450140462,0.3859942788182411,False
1162077500,난곡동,관악구,71.0582539852337,5897,False,91.75906428350086,0.0,0.5742694143123016,77.55401953993459,0.10212309568464398,0.4853678677581196,False
1162074500,삼성동,관악구,74.59484505323312,5842,False,74.1475839348028,0.0,0.4640488646151968,80.18209704640584,0.0,0.5018155565199147,False
1162076500,미성동,관악구,73.08958432535682,6477,False,95.06058249588304,0.0,0.5949317973146862,77.38696720754584,0.2271403267717184,0.4843223792733634,False
1165051000,서초1동,서초구,40.8525946763409,3354,False,43.9665383850913,9.598346208406706,0.27516233349696056,29.041583902377976,19.877300997360138,0.1817552686325614,False
1165052000,서초2동,서초구,38.71703902232362,3252,False,44.889280734692115,8.739337371296719,0.28093726933359053,29.888293999617773,18.510400690766758,0.18705436050354987,False
1165053000,서초3동,서초구,68.15127099330518,5354,False,38.952574971404836,19.429269440740324,0.24378269971969277,29.809159016235526,32.63667453535035,0.18655909825438255,False
1165053100,서초4동,서초구,57.9275821511489,4603,False,39.24177766500219,16.347066321478643,0.24559265999736699,32.256124490917486,26.323227398981373,0.2018733066212687,False
1165054000,잠원동,서초구,46.14520277605733,3716,False,25.78294490335724,19.232704334171103,0.16136124299558302,35.64021537612071,19.407528621565188,0.22305246647648413,False
1165055000,반포본동,서초구,0.3920129523101149,37,False,17.29936876612799,0.1966424811999874,0.10826721530859335,35.038031637801204,0.16723157031517716,0.21928373032585496,True
1165056000,반포1동,서초구,51.37122054508433,4432,False,33.62123635569752,17.384212767658905,0.21041678946058712,33.588440063522626,22.65948419413977,0.21021153554212188,False
1165057000,반포2동,서초구,44.037399585336175,3633,True,21.366578857316043,20.29905287289473,0.13372164180247403,33.659707527538465,19.39320299459377,0.21065755932341773,False
1165058000,반포3동,서초구,44.48632558601983,3515,True,23.850649985825395,19.400913480861504,0.14926807400749018,34.080558335796155,19.40368009815179,0.21329143259858865,False
1165058100,반포4동,서초구,38.57727474651301,3235,False,30.50491405078105,14.256885975536258,0.19091344558031903,32.27209806771928,17.523973524261603,0.2019732764353254,False
1165059000,방배본동,서초구,47.042366501779995,3362,True,21.41175310472451,21.662942261517042,0.13400436252117176,35.164407028496974,20.00868495596867,0.22007464424989112,False
1165060000,방배1동,서초구,39.62391720791874,3233,False,30.091480977091862,14.8075088222147,0.1883259958178489,32.35830169160664,17.965260296806687,0.2025127774098389,False
1165061000,방배2동,서초구,44.80218762074769,3763,False,27.053884903304375,18.1035446275705,0.1693153560316611,36.18184427756264,18.60002813599453,0.22644222327527488,False
1165062000,방배3동,서초구,37.42428233091822,3177,False,33.02016127615499,12.889464855965908,0.2066549917942537,32.01397504022093,17.09682004356778,0.20035782665955157,False
1165062100,방배4동,서초구,51.55944399475857,3814,True,25.019098127354617,21.883122927738004,0.15658074698568375,34.204247123049555,22.42500153842954,0.21406553255228428,False
1165065100,양재1동,서초구,91.83374469448032,7920,False,41.70144280009665,23.6565258030441,0.2609863485399066,25.478651402709207,47.95474172063412,0.15945683767322397,False
1165065200,양재2동,서초구,34.90457862472267,3322,False,22.61027646733812,15.655168834161966,0.1415052597334757,39.94173861822801,13.178572129854071,0.2499733298504133,False
1165066000,내곡동,서초구,43.80929771527321,3594,False,20.65768516110702,20.50447059564357,0.12928506683399066,59.78655148203402,7.846764574269362,0.37417107695499296,False
1168051000,신사동,강남구,47.13512809315969,3184,False,25.419483996110472,19.816609751937285,0.15908654148287862,39.257159559050734,18.1190154018756,0.24568892679515147,False
1168052100,논현1동,강남구,39.14364988423883,3086,False,31.231227232961622,14.181894021701632,0.1954590395115023,36.07330534109343,16.293321782687116,0.22576293788845275,False
1168053100,논현2동,강남구,41.29226051567446,3254,False,28.818835751311067,15.956474844103589,0.1803612107130394,38.612714658235284,16.139089235122974,0.24165570131887135,False
1168058000,삼성1동,강남구,27.56595425451686,2305,False,26.41211396412777,11.31568518603748,0.16529886540764024,48.02709311017879,8.178996113111575,0.30057510772223495,False
1168059000,삼성2동,강남구,50.56760832069901,4128,False,29.32866094627995,19.282920111472446,0.1835519256402521,41.88112138943207,18.11160587994823,0.26211085780847665,False
1168060000,대치1동,강남구,31.79269991569133,2843,False,36.15865783744475,9.952053515558452,0.22629711212478026,45.394450197814336,10.270087026031717,0.28409884660098017,False
1168063000,대치4동,강남구,26.283957728011803,2156,False,33.513127682169255,8.923004634050978,0.20974019685239154,42.38130150060509,9.282556969523265,0.26524120947168167,False
1168064000,역삼1동,강남구,46.3540983366826,3887,False,37.92262310986007,13.692530840830997,0.23733679863168952,34.50670189328869,20.020814871572995,0.21595843027435074,False
1168065000,역삼2동,강남구,48.26622839651495,3948,False,37.41041147747165,14.504579917056594,0.23413114830784965,36.76060768142778,19.758808320860723,0.23006438445965816,False
1168065500,도곡1동,강남구,37.094257710893544,3284,False,42.70604697330138,9.182892194953892,0.2672736124158713,33.51472637977965,16.38935981235413,0.20975020221968202,False
1168065600,도곡2동,강남구,68.42458569036201,5378,False,41.204486940047296,17.966327387687674,0.25787617568757815,39.02595750084094,26.461004880099644,0.2442419605298273,False
1168066000,개포1동,강남구,40.232953437974246,4047,False,37.43161242739807,12.081954776000051,0.2342638333694529,50.50735798237501,10.939492517251306,0.31609771866664066,False
1168069000,개포4동,강남구,40.4254007563317,3754,False,37.44569974804391,12.134051844416087,0.2343519981457579,42.42056155464129,14.260939536722146,0.26548691651341416,False
1168072000,일원본동,강남구,39.36691786826516,3662,False,36.28840426698641,12.271930136558723,0.22710912352315063,65.77098972901211,4.695192790276352,0.4116243778786184,False
1168073000,일원1동,강남구,42.39671566511355,3606,False,36.41786221274847,13.161529307482727,0.2279193294605298,66.58832949672565,4.710023898050287,0.41673965704328836,False
1168067500,개포3동,강남구,41.9060632771296,3724,False,28.870580275686926,16.171981163903148,0.18068505117435213,59.12905941127593,7.781401767017829,0.3700561964324251,False
1168075000,수서동,강남구,62.85463922026776,5219,False,52.54234704410937,9.37744864777129,0.32883359370786275,75.47656140239222,1.3961118887677915,0.47236620217640873,False
1168070000,세곡동,강남구,102.3933946190669,7597,False,70.51680114719767,0.0,0.4413257960964162,80.23066322661083,0.0,0.5021195054766688,False
1168054500,압구정동,강남구,76.94803380293175,5449,False,29.50187971879436,29.20926577307504,0.184636006475388,43.03342541865141,26.673506169227334,0.26932249368485167,False
1168056500,청담동,강남구,48.091303764982754,4005,False,24.530338284281516,20.64620809397579,0.1535218684867295,47.14160944008049,14.694840108692906,0.29503335342710213,False
1168061000,대치2동,강남구,58.91091626965961,5743,False,30.50240875246643,21.77300385954768,0.19089776629885458,49.90337825335435,16.373911390595115,0.31231774239999555,False
1168067000,개포2동,강남구,54.130150495243086,5586,False,35.40018227406501,17.35489885723425,0.22155023157457618,51.95163702177431,13.936402648026728,0.3251366652223381,False
1171051000,풍납1동,송파구,33.40659736036168,2908,False,60.33219381346999,2.381695222732238,0.37758595160028813,77.85164635613185,0.0,0.4872305499765559,False
1171052000,풍납2동,송파구,48.818691203867715,4339,False,57.0391518665888,5.08810745202224,0.35697661687234733,74.7038960186962,1.4615539686076189,0.4675305153609506,False
1171053100,거여1동,송파구,32.20296655889531,2677,False,72.7585977245152,0.0,0.45535596540465906,101.28281698149596,0.0,0.6338733338448187,False
1171053200,거여2동,송파구,55.34549169091008,4752,False,70.26758592824032,0.0,0.4397660953851472,104.70250869544735,0.0,0.6552752996673126,False
1171054000,마천1동,송파구,55.3115017641105,4585,False,66.59331090706236,0.48026904153073374,0.4167708329452971,108.32406596004958,0.0,0.6779406307218658,False
1171055000,마천2동,송파구,53.34223281705542,4481,False,71.70179995842943,0.0,0.4487420505950925,105.81413627439372,0.0,0.6622323640584946,False
1171056100,방이1동,송파구,29.137518434715396,2561,False,60.45239000290942,2.0423126494235246,0.3783381933090602,81.17338005849533,0.0,0.5080194505898407,False
1171056200,방이2동,송파구,43.65789874831049,3921,False,54.502186946120986,5.657811616388131,0.3410991515735881,75.48107336742703,0.9677487507151824,0.47239444007898734,False
1171056600,오륜동,송파구,34.60652209806784,3358,False,70.14785813500872,0.0,0.4390167851101036,84.13124427914596,0.0,0.526531092648006,False
1171057000,오금동,송파구,88.26063479898366,7560,False,70.06307414845999,0.0,0.438486168863321,93.47988947496356,0.0,0.5850391108273175,False
1171058000,송파1동,송파구,41.87121520096079,3809,False,49.437614281988424,7.5468658633799555,0.30940278238887675,75.43570955606049,0.9471383659284893,0.47211053298394595,False
1171059000,송파2동,송파구,34.20130160041123,3294,False,58.59937591702761,3.0309992671501176,0.36674119935406485,79.3920353948739,0.0,0.49687099605127183,False
1171060000,석촌동,송파구,56.49086725002876,5069,False,43.92103952339976,13.298272186427344,0.2748775811963623,72.89592042326326,2.712587810377106,0.4562153924966594,False
1171061000,삼전동,송파구,48.99638564677784,4479,False,32.71466383360593,17.02474754345665,0.20474305166303663,66.59622262509902,5.439340780513753,0.416789055783821,False
1171062000,가락본동,송파구,49.19790497382971,4381,False,68.53045670409655,0.0,0.42889436091484273,84.14635664875495,0.0,0.52662567264086,False
1171063100,가락1동,송파구,36.16626665227959,4072,False,58.489834159450346,3.2447562257870226,0.36605563786258893,77.6511003676269,0.016866717568576422,0.4859754431567479,False
1171063200,가락2동,송파구,54.28044597836486,4992,False,73.96346267572973,0.0,0.462896551125124,92.75785111476847,0.0,0.5805202706510583,False
1171064100,문정1동,송파구,36.610115467002785,3480,False,78.83886898341578,0.0,0.4934090323356892,90.0770478460177,0.0,0.5637426004006781,False
1171064200,문정2동,송파구,55.8523076862256,4470,False,85.23757366920665,0.0,0.5334549985948203,85.01136976309,0.0,0.5320393130089318,False
1171065000,잠실본동,송파구,45.32070462313641,4200,False,26.71364683489534,18.46726384035044,0.1671859934689792,59.79083661686805,8.115533415696987,0.3741978952523525,False
1171069000,잠실4동,송파구,34.748793666766616,3222,False,51.39235275888632,5.5838729001521,0.32163641324624503,73.07604085120555,1.6059836478374039,0.45734266698956955,False
1171071000,잠실6동,송파구,38.22271726094099,3236,False,41.92503575120736,9.760772416671298,0.2623856935973278,70.00912504924518,2.9387963953349403,0.43814853118304736,False
1171072000,잠실7동,송파구,32.729839770240275,2360,False,26.98407400298695,13.248232540689665,0.16887844807983152,54.55924935319694,7.5731899218716,0.3414562737319997,False
1171067000,잠실2동,송파구,44.87764974332735,4062,False,32.91901113797127,15.501906345707692,0.20602194882388397,57.64374662651428,8.999759545409836,0.3607604422784781,False
1171068000,잠실3동,송파구,68.40779539029593,6450,False,35.40844887675389,21.926860597087394,0.22160196768502546,66.88309607803951,7.398057412804871,0.41858443862788425,False
1171064600,장지동,송파구,57.034365897782706,5069,False,88.53495189522062,0.0,0.5540914717041003,93.45710781259572,0.0,0.5848965329576847,False
1171064700,위례동,송파구,43.38939368721486,4012,False,86.1655167340874,0.0,0.539262482842238,100.03842216895735,0.0,0.6260853525074992,False
1174052600,상일제2동,강동구,28.003741683522804,2102,False,111.93401459572836,0.0,0.7005333097655808,109.06575863547243,0.0,0.6825824764255103,False
1174052500,상일제1동,강동구,49.90847749715656,5390,False,115.24664907818467,0.0,0.721265263376108,104.20940316772997,0.0,0.6521892239231059,False
1174053000,명일1동,강동구,49.04055619670329,4679,False,102.29068443935599,0.0,0.6401810208210228,93.48676639125713,0.0,0.5850821496564842,False
1174054000,명일2동,강동구,29.576919920428764,3013,False,109.70549011814732,0.0,0.6865862032152451,99.43547187711727,0.0,0.6223118189208375,False
1174055000,고덕1동,강동구,36.903293399509394,3319,False,104.93253122878974,0.0,0.6567148839365358,96.86569513611391,0.0,0.6062290025201615,False
1174056000,고덕2동,강동구,37.02061035974149,3564,False,105.61283773511889,0.0,0.6609725474381538,103.24480530871006,0.0,0.6461523375198748,False
1174058000,암사2동,강동구,31.833711587445507,2725,False,74.37506582795231,0.0,0.4654725484176167,84.77044623077339,0.0,0.5305315053947429,False
1174059000,암사3동,강동구,32.696792797800555,3066,False,92.79224331467843,0.0,0.5807355124765218,88.88963876376869,0.0,0.5563112613440214,False
1174060000,천호1동,강동구,64.66827969244943,5877,False,90.72781245074282,0.0,0.5678153774208974,88.89165419008738,0.0,0.5563238747866351,False
1174062000,천호3동,강동구,58.8756472791489,5154,False,80.77405010547571,0.0,0.5055202644873166,85.23451181941213,0.0,0.5334358361643623,False
1174064000,성내1동,강동구,38.81237724091609,3475,False,67.94789525145336,0.0,0.42524842983628786,79.79799589633734,0.0,0.4994116791023659,False
1174065000,성내2동,강동구,56.851655774183186,4909,False,68.81589161357702,0.0,0.43068074070818063,81.49295006345992,0.0,0.5100194631337326,False
1174066000,성내3동,강동구,49.10714834108121,4433,False,76.73539835222233,0.0,0.4802445688918767,85.4379645391837,0.0,0.5347091346132489,False
1174069000,둔촌1동,강동구,0.0540212115645074,9,False,81.43186216837938,0.0,0.509637147664374,91.82986558543,0.0,0.574712520642002,True
1174070000,둔촌2동,강동구,52.83108519232117,4701,False,98.62173499865314,0.0,0.6172190882544031,96.45203714946749,0.0,0.603640145151443,False
1174057000,암사1동,강동구,80.259103831013,6926,False,85.7759892215726,0.0,0.5368246448126427,86.51119112609722,0.0,0.5414258683583427,False
1174061000,천호2동,강동구,74.55181495456671,6538,False,66.88271578873403,0.43157583577274083,0.4185820586067013,81.71195129289525,0.0,0.5113900711357163,False
1174068500,길동,강동구,102.88820843208352,9454,False,101.67388115291178,0.0,0.6363207889756125,94.86829427353659,0.0,0.5937283713023537,False
1153078000,오류2동,구로구,98.18304443141469,7866,False,121.4628608195333,0.0,0.7601691068690654,150.47951854470065,0.0,0.9417683762954495,False
1174051500,강일동,강동구,75.7630418011142,6463,False,104.40415363927795,0.0,0.6534080597962285,105.83072130542601,0.0,0.6623361606276035,False
