반경(km),q 방식,수요,미평가,감쇠,순위 상관,하위10% 겹침
3,occupancy,D_A,seoul_mean,gaussian,0.8661684023268078,0.5813953488372093
3,occupancy,D_B,seoul_mean,gaussian,0.8323920624050503,0.5813953488372093
3,regression,D_A,seoul_mean,gaussian,0.8657183114112765,0.5813953488372093
3,regression,D_B,seoul_mean,gaussian,0.8315857085507828,0.5813953488372093
3,binary,D_A,seoul_mean,gaussian,0.8470537857856911,0.5581395348837209
3,binary,D_B,seoul_mean,gaussian,0.8062667957588494,0.5348837209302325
3,none,D_A,seoul_mean,gaussian,0.8718278351083507,0.5813953488372093
3,none,D_B,seoul_mean,gaussian,0.8384197227666658,0.5581395348837209
5,occupancy,D_A,seoul_mean,gaussian,0.9999999999999999,1.0
5,occupancy,D_B,seoul_mean,gaussian,0.98608291811305,0.813953488372093
5,regression,D_A,seoul_mean,gaussian,0.9999760707173274,1.0
5,regression,D_B,seoul_mean,gaussian,0.9859250163333096,0.813953488372093
5,binary,D_A,seoul_mean,gaussian,0.9925866452562557,0.8604651162790697
5,binary,D_B,seoul_mean,gaussian,0.9724589699388386,0.7209302325581395
5,none,D_A,seoul_mean,gaussian,0.9995818672711959,1.0
5,none,D_B,seoul_mean,gaussian,0.9859457970261568,0.813953488372093
10,occupancy,D_A,seoul_mean,gaussian,0.8777610377752064,0.4883720930232558
10,occupancy,D_B,seoul_mean,gaussian,0.8776042380019048,0.4418604651162791
10,regression,D_A,seoul_mean,gaussian,0.8778532914570885,0.4883720930232558
10,regression,D_B,seoul_mean,gaussian,0.8773474705016491,0.4418604651162791
10,binary,D_A,seoul_mean,gaussian,0.877349202226053,0.4883720930232558
10,binary,D_B,seoul_mean,gaussian,0.8638966947678308,0.46511627906976744
10,none,D_A,seoul_mean,gaussian,0.8780873891106021,0.5116279069767442
10,none,D_B,seoul_mean,gaussian,0.8782465503262725,0.4418604651162791
15,occupancy,D_A,seoul_mean,gaussian,0.8822413236671626,0.4418604651162791
15,occupancy,D_B,seoul_mean,gaussian,0.8477526152974235,0.3953488372093023
15,regression,D_A,seoul_mean,gaussian,0.8818449162081532,0.4418604651162791
15,regression,D_B,seoul_mean,gaussian,0.8471581615384008,0.3953488372093023
15,binary,D_A,seoul_mean,gaussian,0.8626262387733094,0.4186046511627907
15,binary,D_B,seoul_mean,gaussian,0.8081589408143828,0.3488372093023256
15,none,D_A,seoul_mean,gaussian,0.8850355397076534,0.46511627906976744
15,none,D_B,seoul_mean,gaussian,0.8522795003187946,0.37209302325581395
5,occupancy,D_A,separate,gaussian,0.9999733944159759,1.0
5,occupancy,D_A,rating2025,gaussian,0.9998790941507072,1.0
5,occupancy,D_A3,seoul_mean,gaussian,0.9999900819420501,1.0
5,occupancy,D_BEB,seoul_mean,gaussian,0.9879004415897229,0.813953488372093
5,occupancy,D_A,seoul_mean,uniform,0.9326862875270756,0.6511627906976745
