행정동코드,행정동,지역,수요_2024,A100_2024,부족_2024,수요_2029,A100_2029,부족_2029,수요_2034,A100_2034,부족_2034,견고한우선동,소수요,하락비율,65세이상_2024,인구변화_5년,수요증가량,수요증가율,권역수요증가율,최근입주
1150054000,화곡1동,강서구,104.1156397016167,108.3325159059938,0.0,144.85540479966548,79.6074609490903,0.0,194.2315638424662,60.607417321220005,13.31300483312328,False,False,0.5594573043407619,9460,-0.06364586833949437,90.11592414084949,0.8655368626568614,0.7851650601626325,False
1174068500,길동,강동구,102.88820843208318,101.67388115291212,0.0,142.95539906153,73.81126954731737,0.0,191.66920405310896,54.87839694698933,24.11814351786194,False,False,0.539749209184364,9454,-0.009799477648988808,88.78099562102578,0.8628879535756557,0.8325123191631156,False
1138062500,역촌동,은평구,117.24887825383666,90.67173491378358,0.0,160.2099493799438,69.09266466620248,0.0,199.212787819812,56.07823507551826,22.677137718989563,False,False,0.618475373045867,9460,-0.10607741617357003,81.96390956597534,0.6990592216031992,0.6268708515804156,False
1147064000,신정3동,양천구,102.3511011422543,118.61770182657641,0.0,138.31436702932677,86.56010622848488,0.0,182.12312905638478,65.86749145583902,2.903257827447937,False,False,0.5552922577453051,8784,0.01816861972415218,79.77202791413049,0.7793958933891496,0.7966328454376563,False
1138069000,진관동,은평구,118.71973433391209,70.51871318686914,0.0,154.58372624826345,53.826669223219156,21.07739889125755,193.92686129124806,43.634056967596955,46.20802492384808,False,False,0.6187585535199724,9396,-0.06754198579343162,75.20712695733597,0.6334846298241184,0.6312072453599056,False
1123065000,장안1동,동대문구,81.82635337836945,68.3785380733903,0.0,114.86533359543485,51.031467805378526,18.87253717152382,151.90398791730453,40.42179835347848,41.074551594137,False,False,0.591147449073772,7322,-0.03314173269121223,70.07763453893509,0.8564188876277101,0.6972027438367618,False
1165065100,양재1동,서초구,91.83374469448002,41.70144280009681,23.656525803044065,120.57588627277305,31.39318914216094,43.48981762000813,160.92200459695565,23.79330387151653,70.27191293629262,False,False,0.5705630854446431,7920,-0.09481892446813156,69.08825990247563,0.7523188794306939,0.7475126725077297,False
1150061500,우장산동,강서구,72.01303046996281,98.07736390462306,0.0,102.5437370419373,73.04346318801358,0.0,140.94560258857945,55.87139376108817,16.33589954188645,False,False,0.5696665523700375,6832,-0.04494529828330884,68.93257211861663,0.9572235978510715,0.7611105551876665,False
1135063000,상계1동,노원구,99.12987792371983,98.32415889849993,0.0,131.66788120768658,74.88339939884612,0.0,167.21689360210686,59.909223235406,12.62886585558625,False,False,0.6093031855706014,8176,-0.09179726244792696,68.08701567838703,0.6868465603355207,0.6304061350371584,False
1129081000,석관동,성북구,97.12502790601873,87.72119412620893,0.0,132.75821951228255,65.62992045390969,2.4317178845535605,165.136512453779,52.37387389684891,24.91536053251096,False,False,0.5970492583753018,7882,-0.053921706582613305,68.01148454776028,0.700246743955331,0.6606837886674422,False
1153075000,개봉2동,구로구,81.68032701284238,101.2563978302872,0.0,114.07589533230065,73.97853722767384,0.0,148.87906881819043,56.64122194686188,16.109292366161018,False,False,0.5593841294038183,7265,-0.10644427596664141,67.19874180534805,0.8227041230476779,0.774030981502362,False
1150063000,방화1동,강서구,87.22148737876113,101.02571688306372,0.0,115.82667509682301,76.86091695727548,0.0,154.23134068213497,59.43095071543901,12.385792848402073,False,False,0.588275466376841,7569,-0.08925482295749665,67.00985330337384,0.768272306712475,0.7002384160348603,False
1153078000,오류2동,구로구,98.18304443141434,121.4628608195337,0.0,130.14990081931907,87.90117303554673,0.0,164.96711279777134,66.47928170027878,1.6205179584770089,False,False,0.547321883016175,7866,0.07160453610766138,66.78406836635699,0.6801996083245201,0.8115191992418087,False
1153074000,개봉1동,구로구,83.75643800860443,109.32850797113547,0.0,115.73448712154051,79.75896233455622,0.0,149.7040971168027,60.861832576672604,9.880136590065502,False,False,0.5566876719175673,7250,-0.007540568257223823,65.94765910819827,0.7873742087912496,0.7829675791909922,False
1154561000,독산1동,금천구,77.93512804827849,119.1259157249325,0.0,109.88471633957005,87.41246118125487,0.0,142.7175997490729,67.75034332887495,0.0,False,False,0.5687288355064045,6763,0.14727662476858616,64.7824717007944,0.8312358409248215,0.7595871589222265,False
1126065500,망우본동,중랑구,90.92115862667542,112.14098859326332,0.0,121.58706975460619,82.06739559240022,0.0,155.2539153850916,63.56298716668145,6.052763958844697,False,False,0.5668131515874641,7613,0.22487360319453842,64.33275675841618,0.7075663985164125,0.7640974279431245,True
1126068000,신내1동,중랑구,98.63016559118998,109.84056564951547,0.0,128.62356592662474,80.44204269057927,0.0,162.9144949641107,62.31913565014716,8.377835448361472,False,False,0.5673599301099562,7854,-0.08384643689439475,64.28432937292072,0.651771483780849,0.7438459399090422,False
1171068000,잠실3동,송파구,68.40779539029569,35.408448876754015,21.92686059708737,94.75181349185576,26.19810185773488,39.097921887016014,132.22568265271795,19.754464694536964,63.0810980126255,False,False,0.5579025718775825,6450,-0.060792216817234235,63.81788726242226,0.9329037268094076,0.8008666620414422,False
1147065000,신정4동,양천구,73.44293982223556,97.8449665343036,0.0,104.21525928273375,72.05292791876666,0.0,137.1025423913519,55.102190619718485,16.945077633550866,False,False,0.56315815285603,6641,-0.09659366701881622,63.659602569116345,0.8667899558922991,0.7713629596291878,False
1171057000,오금동,송파구,88.26063479898339,70.0630741484602,0.0,113.91562703059874,51.49626957550135,18.18701718549522,151.6094738097048,38.282160905275305,44.23880861203227,False,False,0.5463956780451468,7560,-0.06953585671992368,63.34883901072142,0.7177473757695101,0.8229767390980582,False
1135059500,공릉1동,노원구,85.39367306426962,83.62297732141383,0.0,117.37260035103232,62.689006216308755,5.601728684567017,148.46311929029739,49.876696477515864,26.10711053181942,False,False,0.5964472693409308,7360,-0.07185783856595174,63.069446226027765,0.7385728235224167,0.6581240204694416,False
1126056500,면목본동,중랑구,79.68387609852067,97.04474946460984,0.0,111.89202242327903,71.49099351055915,0.0,142.70102860952105,55.95546324448192,16.419389188887227,False,False,0.5765944428027783,6771,-0.08223424642092214,63.017152511000376,0.7908394470304927,0.7318497766353138,False
1174057000,암사1동,강동구,80.25910383101272,85.77598922157291,0.0,109.4277049065424,62.396865448319126,5.5422332740257065,142.98509197284488,46.76128381737028,29.598379845190262,False,False,0.5451558675304636,6926,-0.09220473080987346,62.72598814183216,0.7815435900443528,0.8203517778958047,False
1174061000,천호2동,강동구,74.55181495456645,66.88271578873426,0.4315758357727228,103.82844111991093,48.91509426311379,19.25655774634683,137.03800680076537,37.03414667182789,41.69718870360069,False,False,0.5537177465820838,6538,-0.08056845204393615,62.48619184619892,0.8381578890370329,0.8036255299448587,False
1138052000,불광1동,은평구,115.8848801121558,104.40025052616215,0.0,148.79910547404413,80.05469841018797,0.0,178.02681253960947,65.28887676513624,3.86804699375064,False,False,0.6253708821203948,8500,-0.08267312206572774,62.14193242745367,0.5362384839791992,0.6046754787104185,False
1138051000,녹번동,은평구,100.97794717199939,102.07529268098507,0.0,133.20160387462573,78.33977507482426,0.0,162.94639576365213,63.99956164688153,5.641282343510529,False,False,0.6269838661829631,7773,-0.04703471039182283,61.968448591652745,0.6136829904662218,0.5966153504891512,False
1162076500,미성동,관악구,73.08958432535657,95.06058249588338,0.0,102.68499708843865,70.17750122706548,0.0,133.64867853882802,54.97275009952588,16.69119567407304,False,False,0.5782917446556409,6477,-0.0965064420218038,60.559094213471454,0.8285598388943365,0.7124847203354505,False
1168067000,개포2동,강남구,54.13015049524287,35.40018227406514,17.35489885723422,78.22473255897025,26.41134458170172,32.11146001777279,114.6101677024898,19.83099859811387,54.58952313593575,False,False,0.5601948160770472,5586,1.2764699500976349,60.48001720724693,1.1173073906853834,0.8143002072282186,True
1159053000,상도1동,동작구,105.48691230746643,27.492808422804295,42.16185423796687,131.8388288690647,20.71826600640359,61.625876755333444,164.41587160935194,16.55250116523215,83.70265434572673,False,False,0.6020665808554665,7847,-0.044156181648872805,58.92895930188551,0.5586376358246528,0.6299927384523829,False
1168061000,대치2동,강남구,58.91091626965939,30.502408752466543,21.77300385954765,82.93084181325982,22.81249291174294,37.0278883237631,117.74065766416146,17.223776001439887,59.15035566382352,False,False,0.5646693722195663,5743,-0.0157919182535996,58.82974139450207,0.9986220741367229,0.8027205697383579,False
1130566000,인수동,강북구,100.17613344124018,71.79017415441417,0.0,130.47082076598602,54.69769375002922,16.653185758761452,158.88848134059992,44.55573897167256,36.39478996387781,False,False,0.6206384020720885,7628,-0.11945371589552012,58.71234789935974,0.5860911764357362,0.6226661607757646,False
1154567000,시흥1동,금천구,86.55700341465038,114.1240983447874,0.0,114.63277996419666,83.68528690356743,0.0,145.0541687092292,64.718044867067,3.9796550023747597,False,False,0.5670848296346954,6944,-0.08179039049431847,58.49716529457882,0.6758224405522542,0.7595248162602275,False
1132069000,방학1동,도봉구,79.23904633402456,124.59013675104977,0.0,108.56071983436107,95.36783178459804,0.0,137.59125041629983,76.97575170442629,0.0,False,False,0.6178318261118507,6612,-0.08814630091438069,58.352204082275264,0.7364071979904601,0.6076966987384476,False
1130554500,송중동,강북구,77.78955096048529,80.18514164295851,0.0,108.1706378822371,60.841441829797645,7.161077695476314,136.05418590281417,49.398752042439476,24.575273787610566,False,False,0.6160586740919906,6545,-0.010136438567570405,58.26463494232888,0.7490033587149196,0.6278441933332293,False
1174052500,상일제1동,강동구,49.90847749715637,115.24664907818504,0.0,73.9115760589782,83.30334794934093,0.0,107.96507082636327,61.52245143901044,6.412216304596085,False,False,0.5338328873863629,5390,3.8138539959949025,58.056593329206905,1.1632611580370247,0.869130006531162,True
1138056000,구산동,은평구,85.97901259419993,85.37521359769113,0.0,115.15471681417992,64.77735975484663,3.0910402966724346,143.67516771902413,52.31065641267028,21.76815738907891,False,False,0.612714794005329,6871,-0.07468388166661732,57.6961551248242,0.6710492873084744,0.6446009075059493,False
1141072000,북가좌2동,서대문구,88.26128360816438,73.40815300536914,0.0,117.88615584585544,56.17525426161026,13.305050432168894,145.9353491299282,45.724499122210275,31.722128052454906,False,False,0.6228803920303776,6930,-0.10013932944001425,57.67406552176382,0.6534469380459909,0.5970179807656171,False
1126062000,묵1동,중랑구,79.82525635452922,91.58449487668621,0.0,108.15370028165503,67.93469112925582,0.0,137.4181030543791,53.55830592966353,19.10565615242143,False,False,0.5847966514613312,6608,-0.06800881130970637,57.59284669984987,0.7214865235641941,0.6887349297653518,False
1130555500,송천동,강북구,82.84291671641252,79.4947785703953,0.0,110.08100801859638,60.410192536274465,7.7622709727344095,139.2381203317652,49.145270295757854,25.503326547394856,False,False,0.6182201042580182,6608,-0.14497083011175937,56.395203615352685,0.6807486487759054,0.6242402530169351,False
1174060000,천호1동,강동구,64.66827969244922,90.72781245074314,0.0,91.11735350183169,65.93861523085603,1.3877121543637179,120.99278576679232,49.2453708310871,22.040334736776472,False,False,0.5427814195103933,5877,-0.09538385757511791,56.324506074343105,0.8709757912567397,0.823306309283832,False
1162060500,은천동,관악구,77.67897341115507,46.060230207835964,16.624371800172568,107.36846130269421,34.39267540440184,35.50560580466569,133.76071654947773,27.30076918844259,53.719427893899116,False,False,0.592718904470392,6382,-0.07980320929035212,56.081743138322665,0.7219681295410769,0.6705616784960964,False
1123066000,장안2동,동대문구,66.64268202216974,78.7635570318119,0.0,92.38855613292725,58.602527033107066,8.184778461271538,122.5022401796759,46.385706941959945,25.81845288237976,False,False,0.5889234652419922,5918,0.03279673613966283,55.85955815750616,0.8381949294736306,0.7023518519571468,False
1121577000,중곡4동,광진구,66.90878472015031,70.50000894762924,0.0,93.17291609278686,51.92665690072793,14.474368434566582,122.75587106845046,40.31442503216685,33.324762874971924,False,False,0.5718357434835835,5855,-0.09214002642007924,55.84708634830015,0.8346749471221706,0.7538590531082321,False
