순서,행정동,지역,견고한 우선 동,동점 후보,부족 석수 감소,남은 부족 석수,우선 동 도달
1,서빙고동,용산구,True,1,47.03582933739426,2354.6696681060903,0
2,이촌1동,용산구,True,1,47.03582933739381,2307.6338387686965,0
3,한강로동,용산구,True,1,47.03582933739381,2260.5980094313027,0
4,방배본동,서초구,True,1,47.03582933739426,2213.5621800939084,0
5,방배4동,서초구,True,1,46.96027525105228,2166.601904842856,0
6,원효로1동,용산구,False,1,47.03582933739381,2119.5660755054623,0
7,삼성2동,강남구,False,1,47.03582933739426,2072.530246168068,0
8,원효로2동,용산구,False,1,47.03582933739381,2025.4944168306743,0
9,방배2동,서초구,False,1,45.8827707021037,1979.6116461285706,0
10,삼성1동,강남구,False,1,47.03582933739381,1932.5758167911767,0
11,이촌2동,용산구,False,1,46.93814467639186,1885.637672114785,0
12,대치4동,강남구,False,1,47.03582933739381,1838.601842777391,0
13,사당1동,동작구,True,1,46.1592231590289,1792.4426196183622,0
14,용산2가동,용산구,False,1,47.035829337394034,1745.4067902809682,0
15,도화동,마포구,False,1,46.83438946312458,1698.5724008178436,0
16,대치2동,강남구,False,1,46.53849241964326,1652.0339083982003,0
17,사당2동,동작구,True,1,46.53993205655547,1605.4939763416448,0
18,신사동,강남구,False,1,47.03582933739381,1558.458147004251,0
19,여의동,영등포구,False,1,45.29507870564407,1513.163068298607,0
20,남현동,관악구,False,1,41.98345238742286,1471.179615911184,0
21,양재2동,서초구,False,1,42.137035622538406,1429.0425802886457,0
22,청담동,강남구,False,1,46.91964988150016,1382.1229304071455,0
23,용강동,마포구,False,1,44.901029718308564,1337.221900688837,0
24,잠실7동,송파구,False,1,46.39526037167343,1290.8266403171635,0
25,이태원2동,용산구,False,1,47.035829337394034,1243.7908109797695,0
26,사당3동,동작구,True,1,45.19042435276697,1198.6003866270025,0
27,합정동,마포구,False,1,39.871164787417,1158.7292218395855,0
28,잠실2동,송파구,False,1,45.92927928238987,1112.7999425571957,0
29,사당4동,동작구,False,1,43.65957320565394,1069.1403693515417,0
30,한남동,용산구,False,1,46.89080877283948,1022.2495605787022,0
31,서강동,마포구,False,1,40.19374197697573,982.0558186017265,0
32,당산2동,영등포구,False,1,36.64877410418762,945.4070444975389,0
33,압구정동,강남구,False,1,46.91788603759619,898.4891584599427,0
34,인헌동,관악구,False,1,39.767777577771085,858.7213808821716,0
35,잠실본동,송파구,False,1,43.29285014833738,815.4285307338342,0
36,후암동,용산구,False,1,46.541648470677615,768.8868822631566,0
37,내곡동,서초구,False,1,34.271169611131086,734.6157126520255,0
38,영등포동,영등포구,False,1,32.80363523377309,701.8120774182524,0
39,사당5동,동작구,False,1,41.05051068354294,660.7615667347095,0
40,명동,중구,False,1,41.303404956943155,619.4581617777663,1
41,자양3동,광진구,False,1,43.833179529536096,575.6249822482303,1
42,망원1동,마포구,False,1,31.67646206895506,543.9485201792752,1
43,흑석동,동작구,True,1,39.66053123864111,504.2879889406341,1
44,당산1동,영등포구,False,1,25.566608915246434,478.72138002538765,1
45,필동,중구,False,1,39.897975540414905,438.82340448497274,1
46,잠실3동,송파구,False,1,37.700140580476784,401.12326390449596,1
47,방배1동,서초구,False,1,43.332343506067104,357.79092039842885,2
48,양평2동,영등포구,False,1,25.62553562664351,332.16538477178534,2
49,소공동,중구,False,1,29.70887622689486,302.4565085448905,2
50,영등포본동,영등포구,False,1,23.107601572582837,279.34890697230765,2
51,일원본동,강남구,False,1,22.604459932870213,256.74444703943743,2
52,낙성대동,관악구,False,1,23.139497214383283,233.60494982505415,2
53,논현2동,강남구,False,1,28.641797924201683,204.96315190085247,3
54,신수동,마포구,False,1,20.138846034559577,184.8243058662929,4
55,망원2동,마포구,False,1,12.873180237731106,171.95112562856178,4
56,자양4동,광진구,False,1,25.75893409162424,146.19219153693754,4
57,가회동,종로구,False,1,20.98302579556983,125.20916574136771,4
58,우이동,강북구,False,1,4.58841207102472,120.62075367034299,4
59,대학동,관악구,False,1,10.638538259271229,109.98221541107176,5
60,개포4동,강남구,False,1,7.923615738290806,102.05859967278096,5
61,신길1동,영등포구,False,1,16.2996127229311,85.75898694984986,5
62,상암동,마포구,False,1,4.773074873274709,80.98591207657515,5
63,개포1동,강남구,False,1,6.156767086620221,74.82914498995493,5
64,보광동,용산구,True,1,14.417007629096744,60.41213736085818,9
65,목5동,양천구,False,1,4.855824035707478,55.556313325150704,9
66,방학3동,도봉구,False,1,2.131437276986354,53.42487604816435,9
67,서교동,마포구,False,1,5.02171668226417,48.40315936590018,9
68,구의3동,광진구,False,1,10.628490497332052,37.77466886856813,9
69,삼성동,관악구,False,1,3.837158649979706,33.93751021858842,9
70,양재1동,서초구,False,1,2.779409051076332,31.15810116751209,9
71,사직동,종로구,False,1,6.122779129750683,25.035322037761407,9
72,쌍문1동,도봉구,False,1,1.983017668056867,23.05230436970454,9
73,염창동,강서구,False,1,3.281169741917715,19.771134627786825,9
74,서림동,관악구,False,1,4.6334468288451305,15.137687798941695,11
75,개포2동,강남구,False,1,1.8308102565855293,13.306877542356165,11
76,인수동,강북구,False,1,1.9392364809118376,11.367641061444328,11
77,문래동,영등포구,False,1,2.5367138322619134,8.830927229182414,11
78,성수1가1동,성동구,False,1,2.2216344110386395,6.609292818143775,11
79,도곡2동,강남구,False,1,1.3080522757008266,5.301240542442948,11
80,성산1동,마포구,False,1,1.5439712133582297,3.7572693290847186,11
81,청룡동,관악구,False,1,1.2512172086137818,2.5060521204709367,12
