반경(km),AUC(2025),ΔAUC(압력 추가)
3,0.7688764471013362,0.00635534934903681
4,0.7690084242302573,0.006487326477957911
5,0.7695381915787438,0.007017093826444443
6,0.7699248288014989,0.007403731049199558
7,0.7704341489891666,0.007913051236867252
8,0.7713728595540289,0.00885176180172953
9,0.7720717806874708,0.009550682935171473
10,0.7726684660168187,0.01014736826451934
11,0.7732632925133651,0.010742194761065749
12,0.773859977842713,0.011338880090413617
13,0.7745477459793446,0.012026648227045245
14,0.7751462901414944,0.012625192389195017
15,0.7754009502353282,0.012879852483028809
