반경(km),OR(전체),p(전체),OR(시도 통제),p(시도 통제),OR(서울만),p(서울만)
3,1.2293818998169803,9.449737977388646e-06,1.0881488498652085,0.10747841966639904,0.7288878030365631,0.1600033382008782
4,1.2695343048199612,5.744618521429857e-06,1.085168833205372,0.19558311906412973,0.6854977549886798,0.12213016662401342
5,1.2924074095326146,2.6444641999408847e-06,1.098807684431853,0.15869858920593105,0.6456213447592574,0.10182020538925068
6,1.3180935574262813,1.280376405210471e-06,1.1157973750581716,0.12198845984238542,0.6228012492267835,0.10324143417596363
7,1.360793911730333,2.650706947621768e-07,1.1530246043205314,0.06019789120098146,0.6258760391439763,0.12923516855125558
8,1.4017560246258678,5.996161723906619e-08,1.1926522208663926,0.026929416059856468,0.6618778367813526,0.20405490115946678
9,1.4411799828004184,1.6934637617635153e-08,1.2293974226805193,0.012951105354801613,0.7136122239234096,0.32173945605092735
10,1.4833067960836306,4.971627897084812e-09,1.2659104450897811,0.006416861120008186,0.7615156344253107,0.4461220708931767
11,1.5337840436464527,1.2338512976046759e-09,1.3093232264583945,0.0028007302316724538,0.8012449244090691,0.5545389131305469
12,1.5888924675538185,3.1360839818893243e-10,1.3546197237784035,0.001247043252856911,0.836278084333191,0.6473787733614509
13,1.6492924154360449,8.287375489443641e-11,1.4018917841297474,0.000578119800854712,0.8685289893513354,0.7278244960126158
14,1.714466827956114,2.2749191672167512e-11,1.450997148265401,0.00027826986883561005,0.8999681582501639,0.8014279923378163
15,1.7858157527963427,6.896555488676526e-12,1.5020298972254515,0.0001452886608022319,0.9362823803793889,0.8789606258028523
