설정,행정동코드,행정동명,원래12동
주 설정,1117063000,서울특별시 용산구 이촌1동,True
주 설정,1117069000,서울특별시 용산구 서빙고동,True
주 설정,1117070000,서울특별시 용산구 보광동,True
주 설정,1117062500,서울특별시 용산구 한강로동,True
주 설정,1159062000,서울특별시 동작구 사당1동,True
주 설정,1159064000,서울특별시 동작구 사당3동,True
주 설정,1159060500,서울특별시 동작구 흑석동,True
주 설정,1159063000,서울특별시 동작구 사당2동,True
주 설정,1165057000,서울특별시 서초구 반포2동,True
주 설정,1165058000,서울특별시 서초구 반포3동,True
주 설정,1165059000,서울특별시 서초구 방배본동,True
주 설정,1165062100,서울특별시 서초구 방배4동,True
구별 인정률,1117063000,서울특별시 용산구 이촌1동,True
구별 인정률,1117069000,서울특별시 용산구 서빙고동,True
구별 인정률,1117070000,서울특별시 용산구 보광동,True
구별 인정률,1159063000,서울특별시 동작구 사당2동,True
구별 인정률,1165057000,서울특별시 서초구 반포2동,True
구별 인정률,1165058000,서울특별시 서초구 반포3동,True
구별 인정률,1165058100,서울특별시 서초구 반포4동,False
구별 인정률,1165059000,서울특별시 서초구 방배본동,True
구별 인정률,1165060000,서울특별시 서초구 방배1동,False
구별 인정률,1165062100,서울특별시 서초구 방배4동,True
구별 인정률,1165065200,서울특별시 서초구 양재2동,False
구별 인정률,1168059000,서울특별시 강남구 삼성2동,False
구별 인정률,1168061000,서울특별시 강남구 대치2동,False
3등급 포함,1117063000,서울특별시 용산구 이촌1동,True
3등급 포함,1117069000,서울특별시 용산구 서빙고동,True
3등급 포함,1117070000,서울특별시 용산구 보광동,True
3등급 포함,1117062500,서울특별시 용산구 한강로동,True
3등급 포함,1159062000,서울특별시 동작구 사당1동,True
3등급 포함,1159064000,서울특별시 동작구 사당3동,True
3등급 포함,1159060500,서울특별시 동작구 흑석동,True
3등급 포함,1159063000,서울특별시 동작구 사당2동,True
3등급 포함,1165057000,서울특별시 서초구 반포2동,True
3등급 포함,1165058000,서울특별시 서초구 반포3동,True
3등급 포함,1165059000,서울특별시 서초구 방배본동,True
3등급 포함,1165062100,서울특별시 서초구 방배4동,True
"A·B=1, C~E=0.5",1117063000,서울특별시 용산구 이촌1동,True
"A·B=1, C~E=0.5",1117069000,서울특별시 용산구 서빙고동,True
"A·B=1, C~E=0.5",1159064000,서울특별시 동작구 사당3동,True
"A·B=1, C~E=0.5",1159063000,서울특별시 동작구 사당2동,True
"A·B=1, C~E=0.5",1165057000,서울특별시 서초구 반포2동,True
"A·B=1, C~E=0.5",1165058000,서울특별시 서초구 반포3동,True
"A·B=1, C~E=0.5",1165059000,서울특별시 서초구 방배본동,True
"A·B=1, C~E=0.5",1165062100,서울특별시 서초구 방배4동,True
"A·B=1, C~E=0.5",1168056500,서울특별시 강남구 청담동,False
품질 가중 없음,1117063000,서울특별시 용산구 이촌1동,True
품질 가중 없음,1117069000,서울특별시 용산구 서빙고동,True
품질 가중 없음,1117070000,서울특별시 용산구 보광동,True
품질 가중 없음,1117062500,서울특별시 용산구 한강로동,True
품질 가중 없음,1159062000,서울특별시 동작구 사당1동,True
품질 가중 없음,1159064000,서울특별시 동작구 사당3동,True
품질 가중 없음,1159060500,서울특별시 동작구 흑석동,True
품질 가중 없음,1159063000,서울특별시 동작구 사당2동,True
품질 가중 없음,1165057000,서울특별시 서초구 반포2동,True
품질 가중 없음,1165058000,서울특별시 서초구 반포3동,True
품질 가중 없음,1165059000,서울특별시 서초구 방배본동,True
품질 가중 없음,1165061000,서울특별시 서초구 방배2동,False
품질 가중 없음,1165062100,서울특별시 서초구 방배4동,True
거리감쇠 없음,1159060500,서울특별시 동작구 흑석동,True
