지역,수요,유효접근성_100명당,기존_75세이상_천명당_정원,순위_기존,순위_E2SFCA,순위변화,하위10%_동수
용산구,543.5228916699051,24.954814140051017,10.126582278481013,22,25,-3,12
서초구,821.6577417250388,31.674545822817585,11.723585523920484,19,24,-5,8
동작구,918.1507443048897,32.86216907366343,10.69379238393323,21,23,-2,8
마포구,800.2675068996796,37.4627282932422,14.49164823430707,18,22,-4,3
강남구,1071.5769180234113,37.988323519515355,8.445993031358885,24,21,3,3
중구,352.88041064811574,40.95227769086561,7.25461061096058,25,20,5,0
영등포구,864.8113855102099,47.50391153114952,9.170105456212745,23,19,4,2
성동구,642.1464976020883,49.40419121484904,19.43630000945805,14,18,-4,0
광진구,711.8982489791458,52.45182248293141,25.137873541105556,10,17,-7,0
종로구,411.57583834227773,56.409036467926285,30.25032140966498,5,16,-11,0
관악구,1060.2030581397316,56.912291434545274,17.039895640830522,17,15,2,5
송파구,1252.4881259708643,59.69664015289511,19.434889434889435,15,14,1,2
서대문구,805.9576257856729,66.20391721933197,11.479881791316208,20,13,7,0
성북구,1076.2981395012046,73.76072731908928,24.384105589888424,11,12,-1,0
동대문구,870.7772025590051,75.70946298050454,17.70426683103897,16,11,5,0
강북구,897.72513723872,82.2422617055332,26.26805726501263,8,10,-2,0
은평구,1226.5387194154548,88.40995041675396,28.09563227345766,7,9,-2,0
강서구,1244.2187796618668,89.26690509693205,30.12616729584741,6,8,-2,0
강동구,949.6464871927503,91.32682939005932,23.66977773501395,12,7,5,0
양천구,903.3919028823192,93.61195719752403,23.615050750145244,13,6,7,0
중랑구,965.114965760319,97.66623182274868,36.16215545070772,3,5,-2,0
노원구,1268.548546331424,102.95014586845984,25.566929519518048,9,4,5,0
구로구,954.1704573245449,104.14483416173515,30.50942339988804,4,3,1,0
금천구,539.9487722347662,110.6154238790257,40.84001105277701,1,2,-1,0
도봉구,920.483896296595,111.80983070350945,38.51508120649652,2,1,1,0
