행정동코드,행정동명,지역,시설수,추가정원
1117052000,서울특별시 용산구 용산2가동,용산구,1,50
1117053000,서울특별시 용산구 남영동,용산구,1,50
1117063000,서울특별시 용산구 이촌1동,용산구,1,50
1117064000,서울특별시 용산구 이촌2동,용산구,1,50
1117065000,서울특별시 용산구 이태원1동,용산구,1,50
1117066000,서울특별시 용산구 이태원2동,용산구,1,50
1117069000,서울특별시 용산구 서빙고동,용산구,1,50
1117070000,서울특별시 용산구 보광동,용산구,1,50
1117056000,서울특별시 용산구 원효로1동,용산구,1,50
1117062500,서울특별시 용산구 한강로동,용산구,1,50
1159062000,서울특별시 동작구 사당1동,동작구,1,50
1159064000,서울특별시 동작구 사당3동,동작구,1,50
1159065000,서울특별시 동작구 사당4동,동작구,1,50
1159065100,서울특별시 동작구 사당5동,동작구,1,50
1159060500,서울특별시 동작구 흑석동,동작구,1,50
1159063000,서울특별시 동작구 사당2동,동작구,1,50
1162062500,서울특별시 관악구 인헌동,관악구,1,50
1162063000,서울특별시 관악구 남현동,관악구,1,50
1165054000,서울특별시 서초구 잠원동,서초구,1,50
1165057000,서울특별시 서초구 반포2동,서초구,1,50
1165058000,서울특별시 서초구 반포3동,서초구,1,50
1165058100,서울특별시 서초구 반포4동,서초구,1,50
1165059000,서울특별시 서초구 방배본동,서초구,1,50
1165060000,서울특별시 서초구 방배1동,서초구,1,50
1165061000,서울특별시 서초구 방배2동,서초구,1,50
1165062100,서울특별시 서초구 방배4동,서초구,1,50
