행정동코드,행정동,지역,수요_2024,A100_2024,부족_2024,수요_2029,A100_2029,부족_2029,수요_2034,A100_2034,부족_2034,견고한우선동,소수요,하락비율
1174052600,상일제2동,강동구,28.003741683522723,111.9340145957288,0.0,35.022674057637566,80.78507242679397,0.0,43.705312049681346,59.49739088593674,3.4807866370880047,False,False,0.5315398639173534
1174051500,강일동,강동구,75.76304180111396,104.40415363927838,0.0,98.67168175622871,75.23804359390175,0.0,129.14368537634292,55.52144725959253,15.419965673873117,False,False,0.5317934710856613
1174052500,상일제1동,강동구,49.90847749715637,115.24664907818504,0.0,73.9115760589782,83.30334794934093,0.0,107.96507082636327,61.52245143901044,6.412216304596085,False,False,0.5338328873863629
1174056000,고덕2동,강동구,37.020610359741355,105.61283773511924,0.0,51.07867394323694,76.28463247971219,0.0,72.13989148813897,56.45732763798669,7.938477059492174,False,False,0.5345687972098967
1174054000,명일2동,강동구,29.57691992042866,109.70549011814768,0.0,41.19493831498338,79.4402035958083,0.0,58.63013098126356,58.8740692526978,5.034886148041169,False,False,0.5366556330890385
1174055000,고덕1동,강동구,36.90329339950928,104.93253122879011,0.0,48.94053793993883,75.94962938360786,0.0,65.49772366312096,56.451624621403575,7.21128953031933,False,False,0.5379802046166124
1153080000,항동,구로구,21.294949294025518,149.70067280368755,0.0,29.909270729595974,107.67823171485276,0.0,40.41062588369881,80.64162585010655,0.0,False,False,0.5386857943908995
1174053000,명일1동,강동구,49.040556196703115,102.29068443935634,0.0,67.23446589314408,74.17760935368575,0.0,93.43901677278137,55.181605745234585,11.474314852546495,False,False,0.5394587595896803
1174068500,길동,강동구,102.88820843208318,101.67388115291212,0.0,142.95539906153,73.81126954731737,0.0,191.66920405310896,54.87839694698933,24.11814351786194,False,False,0.539749209184364
1174070000,둔촌2동,강동구,52.83108519232099,98.62173499865348,0.0,71.2267341309169,71.67637257742085,0.0,94.61402340975533,53.26319496243794,13.433691339877882,False,False,0.5400756229158326
1171064700,위례동,송파구,43.389393687214714,86.16551673408767,0.0,58.37659179093445,62.79102813700654,2.726526269288216,84.15587575617322,46.65174146591058,17.51272676383655,False,False,0.5414200858317935
1168070000,세곡동,강남구,102.39339461906663,70.51680114719794,0.0,123.72056057689244,51.36354863427598,19.91661125687907,154.5250152618817,38.25778675854921,45.12721168791109,False,False,0.5425343483560644
1174060000,천호1동,강동구,64.66827969244922,90.72781245074314,0.0,91.11735350183169,65.93861523085603,1.3877121543637179,120.99278576679232,49.2453708310871,22.040334736776472,False,False,0.5427814195103933
1153079000,수궁동,구로구,58.969803822527126,159.411095366364,0.0,82.02678107348864,115.0709625573859,0.0,106.53503110065708,86.555386986272,0.0,False,False,0.5429696520643527
1174059000,암사3동,강동구,32.696792797800434,92.79224331467876,0.0,45.81166505448892,67.33477278631473,0.05810605183580122,60.93436144933985,50.38538354323544,10.405289301462217,False,False,0.5429913292684132
1171064600,장지동,송파구,57.034365897782514,88.53495189522089,0.0,77.62218384043072,64.68046528657305,2.1587849443544687,103.60297388054921,48.084284467115005,20.075485086186347,False,False,0.5431107538638714
1171064200,문정2동,송파구,55.85230768622544,85.23757366920692,0.0,69.77269457903,62.32655477710997,3.5828661113158913,89.4236907303106,46.36994208218734,18.86094752237522,False,False,0.5440082358766042
1171054000,마천1동,송파구,55.31150176411032,66.59331090706262,0.48026904153070143,75.47002393510127,48.79574811850228,14.087130120505128,93.84720987642913,36.240690484012376,29.299961479085788,False,False,0.5442091704163764
1171055000,마천2동,송파구,53.34223281705524,71.70179995842965,0.0,72.86610544710184,52.53906130815845,10.873479766704882,92.98771021462254,39.0219564533124,26.445382245123188,False,False,0.5442256188259716
1171053200,거여2동,송파구,55.345491690909896,70.26758592824054,0.0,74.38851929766535,51.5275231648567,11.853130955543438,99.10089807599725,38.2730160649608,28.926158319424648,False,False,0.5446752661183836
1174057000,암사1동,강동구,80.25910383101272,85.77598922157291,0.0,109.4277049065424,62.396865448319126,5.5422332740257065,142.98509197284488,46.76128381737028,29.598379845190262,False,False,0.5451558675304636
1171053100,거여1동,송파구,32.20296655889521,72.75859772451548,0.0,42.70756964441001,53.39959607057237,6.005544217370365,56.121080768700445,39.67251925926784,15.595537829600298,False,False,0.5452622851457247
1174062000,천호3동,강동구,58.8756472791487,80.77405010547596,0.0,80.84748515084351,58.85860348084599,6.955314086916847,105.98931870198655,44.10849487821135,24.75180717910151,False,False,0.5460725916382033
1171064100,문정1동,송파구,36.610115467002665,78.83886898341606,0.0,50.75596793286865,57.91262341053145,4.846680363348686,69.72150104722903,43.06641158889145,17.008698230068656,False,False,0.5462586176616837
1171057000,오금동,송파구,88.26063479898339,70.0630741484602,0.0,113.91562703059874,51.49626957550135,18.18701718549522,151.6094738097048,38.282160905275305,44.23880861203227,False,False,0.5463956780451468
1171063200,가락2동,송파구,54.28044597836468,73.96346267573001,0.0,73.59463425036057,54.37632827131278,9.630064927384788,100.29770456148796,40.42068625736098,27.121425395231498,False,False,0.5464953207311698
1174066000,성내3동,강동구,49.10714834108104,76.73539835222257,0.0,69.15517980359212,56.05821994007742,7.886034616358285,92.81313999857825,41.94276869025689,23.6848375306287,False,False,0.5465895739243537
1153078000,오류2동,구로구,98.18304443141434,121.4628608195337,0.0,130.14990081931907,87.90117303554673,0.0,164.96711279777134,66.47928170027878,1.6205179584770089,False,False,0.547321883016175
1171062000,가락본동,송파구,49.197904973829544,68.5304567040968,0.0,65.54628402614179,50.45899964153624,11.144579008914159,89.47963271192236,37.52390762803005,26.78814575828431,False,False,0.5475508180260944
1171056600,오륜동,송파구,34.606522098067714,70.14785813500896,0.0,47.2755843084222,51.48187363119047,7.554513545641241,65.9766518286804,38.446234735881504,19.143372844526866,False,False,0.5480742499918753
1171056100,방이1동,송파구,29.137518434715307,60.45239000290962,2.0423126494235184,39.04507706662084,44.51085302518189,8.96114058824699,51.310433080493155,33.15622202046307,17.602242932056637,False,False,0.5484683404389344
1171059000,송파2동,송파구,34.20130160041111,58.5993759170278,3.0309992671501105,47.46578287641885,43.20174813925281,11.51513316250337,65.28439221483559,32.14161333542228,23.058444885339878,False,False,0.5484975365767091
1171063100,가락1동,송파구,36.16626665227944,58.489834159450616,3.244756225786985,55.472352980523034,43.14994459483275,13.486252621762059,81.58245306224049,32.12180281086985,28.8310812781654,False,False,0.5491860811795396
1168075000,수서동,강남구,62.85463922026757,52.54234704410954,9.377448647771283,80.0307406729707,38.77230094717453,22.96026620109727,102.89111709494983,28.887400180726853,39.68943497211852,False,False,0.5497927254082454
1174065000,성내2동,강동구,56.851655774182994,68.81589161357725,0.0,77.82728542262322,50.30892071275763,13.349472130427442,101.52971129468962,37.84368691190487,30.070991386921595,False,False,0.5499265652824642
1171058000,송파1동,송파구,41.87121520096064,49.43761428198858,7.546865863379947,59.05806885356788,36.483369201952506,18.29515053821046,77.20232255890119,27.198797563825416,31.08382601201058,False,False,0.5501640392411624
1174064000,성내1동,강동구,38.81237724091596,67.94789525145355,0.0,53.50959782674103,49.77298854348076,9.465109983282247,71.42725443166138,37.40651808906464,21.467526676300068,False,False,0.550517686392419
1171060000,석촌동,송파구,56.49086725002857,43.92103952339993,13.298272186427322,77.74504387992981,32.45912738647997,27.212695148472452,105.43658649910572,24.194634948170542,45.61922114415999,False,False,0.5508666281744152
1153077000,오류1동,구로구,55.360120937376124,124.49333176521473,0.0,73.59066988495532,90.41163415072143,0.0,91.33785977427911,68.62587702121009,0.0,False,False,0.5512413881783921
1171056200,방이2동,송파구,43.65789874831033,54.50218694612119,5.657811616388111,60.34709633346161,40.16941261712001,16.470048398960238,80.28696580028146,30.04822093337828,30.03807455575864,False,False,0.5513213802426463
1174058000,암사2동,강동구,31.8337115874454,74.37506582795257,0.0,43.93533661091415,54.28824758463969,5.787760940188223,56.78538495630628,41.11251230360145,14.962436326798445,False,False,0.5527727854211866
1147061100,신월7동,양천구,58.786948462137026,123.16701136952916,0.0,78.06587488873272,89.79095659673017,0.0,97.47485428004651,68.09811433583684,0.0,False,False,0.5528924797202958
1168073000,일원1동,강남구,42.3967156651134,36.4178622127486,13.16152930748271,56.210003058609296,26.980709343514008,22.75431526690565,72.72600225827965,20.135593785404843,34.41831932306668,False,False,0.5529043321591811
